UTC_DATE,UTC_TIME,BILL_DATE,FLIGHT_ID,AC_IDENT,DEPART,DEST,TYPE,MTOW,BILLDIST,WEIGHT FACTOR,SERVICE,SERVDESC,DATALINK,AMOUNT,GST,QST,HST,TOTAL,INV_NUM,INV_DATE,CLIENT_ID,CUSTOM
05-08-2025,1231,05-08-2025,AIC187,VTALN,LOWW,CYYZ,,0,0,,R,I.Comm.(DL)/Comm.int.(LD),TRUE,33.05,0,0,0,33.05,CS434278,04-11-2025,N01836,
18-08-2025,1155,18-08-2025,AIC103,VTNAC,LOWW,KIAD,,0,0,,R,I.Comm.(DL)/Comm.int.(LD),TRUE,33.05,0,0,0,33.05,CS434278,04-11-2025,N01836,
16-09-2025,1032,16-09-2025,AIC105,VTJRB,VIDP,KEWR,,0,0,,R,I.Comm.(DL)/Comm.int.(LD),TRUE,33.05,0,0,0,33.05,CS434278,04-11-2025,N01836,
16-09-2025,1656,16-09-2025,AIC106,VTJRB,KEWR,VIDP,,0,0,,R,I.Comm.(DL)/Comm.int.(LD),TRUE,33.05,0,0,0,33.05,CS434278,04-11-2025,N01836,
16-09-2025,933,16-09-2025,AIC119,VTAEP,VABB,KJFK,,0,0,,R,I.Comm.(DL)/Comm.int.(LD),TRUE,33.05,0,0,0,33.05,CS434278,04-11-2025,N01836,
14-10-2025,833,14-10-2025,AIC105,VTJRE,VIDP,KEWR,A359,0,0,,N,NAT/Atlantique Nord,FALSE,183.61,0,0,0,183.61,CS434278,04-11-2025,N01836,
14-10-2025,834,14-10-2025,AIC105,VTJRE,VIDP,KEWR,A359,0,0,,R,I.Comm.(DL)/Comm.int.(LD),TRUE,33.05,0,0,0,33.05,CS434278,04-11-2025,N01836,
14-10-2025,1001,14-10-2025,AIC105,VTJRE,VIDP,KEWR,A359,280,1430,16.73320053,O,Overflight/Survol,FALSE,843.24,0,0,0,843.24,CS434278,04-11-2025,N01836,
14-10-2025,1715,14-10-2025,AIC106,VTJRE,KEWR,VIDP,A359,280,1598,16.73320053,O,Overflight/Survol,FALSE,942.31,0,0,0,942.31,CS434278,04-11-2025,N01836,
14-10-2025,1858,14-10-2025,AIC106,VTJRE,KEWR,VIDP,A359,0,0,,N,NAT/Atlantique Nord,FALSE,183.61,0,0,0,183.61,CS434278,04-11-2025,N01836,
14-10-2025,1913,14-10-2025,AIC106,VTJRE,KEWR,VIDP,A359,0,0,,R,I.Comm.(DL)/Comm.int.(LD),TRUE,33.05,0,0,0,33.05,CS434278,04-11-2025,N01836,
14-10-2025,1627,14-10-2025,AIC116,VTAEP,KJFK,VABB,B77W,351.5,1524,18.74833326,O,Overflight/Survol,FALSE,1006.89,0,0,0,1006.89,CS434278,04-11-2025,N01836,
14-10-2025,1807,14-10-2025,AIC116,VTAEP,KJFK,VABB,B77W,0,0,,N,NAT/Atlantique Nord,FALSE,183.61,0,0,0,183.61,CS434278,04-11-2025,N01836,
14-10-2025,1823,14-10-2025,AIC116,VTAEP,KJFK,VABB,B77W,0,0,,R,I.Comm.(DL)/Comm.int.(LD),TRUE,33.05,0,0,0,33.05,CS434278,04-11-2025,N01836,
14-10-2025,901,14-10-2025,AIC119,VTAEP,VABB,KJFK,B77W,351.5,1348,18.74833326,O,Overflight/Survol,FALSE,890.61,0,0,0,890.61,CS434278,04-11-2025,N01836,
14-10-2025,1259,14-10-2025,AIC185,VTALO,VIDP,CYVR,B77W,351.5,968,,E,Enroute/En route,FALSE,639.55,0,0,0,639.55,CS434278,04-11-2025,N01836,
14-10-2025,1914,14-10-2025,AIC186,VTALO,CYVR,VECC,B77W,351.5,2578,,E,Enroute/En route,FALSE,1703.26,0,0,0,1703.26,CS434278,04-11-2025,N01836,
14-10-2025,1914,14-10-2025,AIC186,VTALO,CYVR,VECC,B77W,351.5,2578,,A,Terminal/Terminaux,FALSE,3689.27,0,0,0,3689.27,CS434278,04-11-2025,N01836,
14-10-2025,2235,14-10-2025,AIC186,VTALO,CYVR,VECC,B77W,0,0,,R,I.Comm.(DL)/Comm.int.(LD),TRUE,33.05,0,0,0,33.05,CS434278,04-11-2025,N01836,
14-10-2025,1049,14-10-2025,AIC187,VTALR,LOWW,CYYZ,B77W,0,0,,N,NAT/Atlantique Nord,FALSE,183.61,0,0,0,183.61,CS434278,04-11-2025,N01836,
14-10-2025,1050,14-10-2025,AIC187,VTALR,LOWW,CYYZ,B77W,0,0,,R,I.Comm.(DL)/Comm.int.(LD),TRUE,33.05,0,0,0,33.05,CS434278,04-11-2025,N01836,
14-10-2025,1229,14-10-2025,AIC187,VTALR,LOWW,CYYZ,B77W,351.5,2043,,E,Enroute/En route,FALSE,1349.79,0,0,0,1349.79,CS434278,04-11-2025,N01836,
14-10-2025,1833,14-10-2025,AIC188,VTALR,CYYZ,VIDP,B77W,351.5,2115,,E,Enroute/En route,FALSE,1397.36,0,0,0,1397.36,CS434278,04-11-2025,N01836,
14-10-2025,1833,14-10-2025,AIC188,VTALR,CYYZ,VIDP,B77W,351.5,2115,,A,Terminal/Terminaux,FALSE,3689.27,0,0,0,3689.27,CS434278,04-11-2025,N01836,
14-10-2025,2053,14-10-2025,AIC188,VTALR,CYYZ,VIDP,B77W,0,0,,N,NAT/Atlantique Nord,FALSE,183.61,0,0,0,183.61,CS434278,04-11-2025,N01836,
14-10-2025,2107,14-10-2025,AIC188,VTALR,CYYZ,VIDP,B77W,0,0,,T,I.Comm.(V)/Comm.int.(V),FALSE,87.83,0,0,0,87.83,CS434278,04-11-2025,N01836,
15-10-2025,719,14-10-2025,AIC191,VTAEM,VABB,KEWR,B77W,0,0,,N,NAT/Atlantique Nord,FALSE,183.61,0,0,0,183.61,CS434278,04-11-2025,N01836,
15-10-2025,720,14-10-2025,AIC191,VTAEM,VABB,KEWR,B77W,0,0,,R,I.Comm.(DL)/Comm.int.(LD),TRUE,33.05,0,0,0,33.05,CS434278,04-11-2025,N01836,
15-10-2025,900,15-10-2025,AIC191,VTAEM,VABB,KEWR,B77W,351.5,1328,18.74833326,O,Overflight/Survol,FALSE,877.4,0,0,0,877.4,CS434278,04-11-2025,N01836,
15-10-2025,1019,15-10-2025,AIC101,VTJRA,VIDP,KJFK,A359,0,0,,N,NAT/Atlantique Nord,FALSE,183.61,0,0,0,183.61,CS434278,04-11-2025,N01836,
15-10-2025,1026,15-10-2025,AIC101,VTJRA,VIDP,KJFK,A359,0,0,,R,I.Comm.(DL)/Comm.int.(LD),TRUE,33.05,0,0,0,33.05,CS434278,04-11-2025,N01836,
15-10-2025,1153,15-10-2025,AIC101,VTJRA,VIDP,KJFK,A359,280,1417,16.73320053,O,Overflight/Survol,FALSE,835.57,0,0,0,835.57,CS434278,04-11-2025,N01836,
15-10-2025,1756,15-10-2025,AIC102,VTJRA,KJFK,VIDP,A359,280,1302,16.73320053,O,Overflight/Survol,FALSE,767.76,0,0,0,767.76,CS434278,04-11-2025,N01836,
15-10-2025,1920,15-10-2025,AIC102,VTJRA,KJFK,VIDP,A359,0,0,,N,NAT/Atlantique Nord,FALSE,183.61,0,0,0,183.61,CS434278,04-11-2025,N01836,
15-10-2025,1931,15-10-2025,AIC102,VTJRA,KJFK,VIDP,A359,0,0,,R,I.Comm.(DL)/Comm.int.(LD),TRUE,33.05,0,0,0,33.05,CS434278,04-11-2025,N01836,
15-10-2025,2022,15-10-2025,AIC116,VTAER,KJFK,VABB,B77W,351.5,1308,18.74833326,O,Overflight/Survol,FALSE,864.18,0,0,0,864.18,CS434278,04-11-2025,N01836,
15-10-2025,2134,15-10-2025,AIC116,VTAER,KJFK,VABB,B77W,0,0,,R,I.Comm.(DL)/Comm.int.(LD),TRUE,33.05,0,0,0,33.05,CS434278,04-11-2025,N01836,
15-10-2025,2147,15-10-2025,AIC116,VTAER,KJFK,VABB,B77W,0,0,,N,NAT/Atlantique Nord,FALSE,183.61,0,0,0,183.61,CS434278,04-11-2025,N01836,
16-10-2025,754,15-10-2025,AIC119,VTAEN,VABB,KJFK,B77W,0,0,,N,NAT/Atlantique Nord,FALSE,183.61,0,0,0,183.61,CS434278,04-11-2025,N01836,
16-10-2025,756,15-10-2025,AIC119,VTAEN,VABB,KJFK,B77W,0,0,,R,I.Comm.(DL)/Comm.int.(LD),TRUE,33.05,0,0,0,33.05,CS434278,04-11-2025,N01836,
16-10-2025,922,16-10-2025,AIC119,VTAEN,VABB,KJFK,B77W,351.5,1430,18.74833326,O,Overflight/Survol,FALSE,944.79,0,0,0,944.79,CS434278,04-11-2025,N01836,
15-10-2025,1207,15-10-2025,AIC119D,VTAER,VABB,KJFK,B77W,0,0,,R,I.Comm.(DL)/Comm.int.(LD),TRUE,33.05,0,0,0,33.05,CS434278,04-11-2025,N01836,
15-10-2025,1207,15-10-2025,AIC119D,VTAER,VABB,KJFK,B77W,0,0,,N,NAT/Atlantique Nord,FALSE,183.61,0,0,0,183.61,CS434278,04-11-2025,N01836,
15-10-2025,1337,15-10-2025,AIC119D,VTAER,VABB,KJFK,B77W,351.5,1419,18.74833326,O,Overflight/Survol,FALSE,937.52,0,0,0,937.52,CS434278,04-11-2025,N01836,
15-10-2025,2017,15-10-2025,AIC126,VTALS,KORD,VIDP,B77W,351.5,2239,18.74833326,O,Overflight/Survol,FALSE,1479.29,0,0,0,1479.29,CS434278,04-11-2025,N01836,
15-10-2025,2238,15-10-2025,AIC126,VTALS,KORD,VIDP,B77W,0,0,,R,I.Comm.(DL)/Comm.int.(LD),TRUE,33.05,0,0,0,33.05,CS434278,04-11-2025,N01836,
15-10-2025,2245,15-10-2025,AIC126,VTALS,KORD,VIDP,B77W,0,0,,N,NAT/Atlantique Nord,FALSE,183.61,0,0,0,183.61,CS434278,04-11-2025,N01836,
15-10-2025,1110,15-10-2025,AIC127,VTALS,LOWW,KORD,B77W,0,0,,N,NAT/Atlantique Nord,FALSE,183.61,0,0,0,183.61,CS434278,04-11-2025,N01836,
15-10-2025,1110,15-10-2025,AIC127,VTALS,LOWW,KORD,B77W,0,0,,R,I.Comm.(DL)/Comm.int.(LD),TRUE,33.05,0,0,0,33.05,CS434278,04-11-2025,N01836,
15-10-2025,1305,15-10-2025,AIC127,VTALS,LOWW,KORD,B77W,351.5,2098,18.74833326,O,Overflight/Survol,FALSE,1386.13,0,0,0,1386.13,CS434278,04-11-2025,N01836,
15-10-2025,1638,15-10-2025,AIC144,VTAEM,KEWR,VABB,B77W,351.5,1308,18.74833326,O,Overflight/Survol,FALSE,864.18,0,0,0,864.18,CS434278,04-11-2025,N01836,
15-10-2025,1749,15-10-2025,AIC144,VTAEM,KEWR,VABB,B77W,0,0,,R,I.Comm.(DL)/Comm.int.(LD),TRUE,33.05,0,0,0,33.05,CS434278,04-11-2025,N01836,
15-10-2025,1802,15-10-2025,AIC144,VTAEM,KEWR,VABB,B77W,0,0,,N,NAT/Atlantique Nord,FALSE,183.61,0,0,0,183.61,CS434278,04-11-2025,N01836,
15-10-2025,820,15-10-2025,AIC176,VTALM,KSFO,VECC,B77W,351.5,2587,18.74833326,O,Overflight/Survol,FALSE,1709.21,0,0,0,1709.21,CS434278,04-11-2025,N01836,
15-10-2025,1206,15-10-2025,AIC185,VTALK,VIDP,CYVR,B77W,351.5,978,,E,Enroute/En route,FALSE,646.16,0,0,0,646.16,CS434278,04-11-2025,N01836,
15-10-2025,1743,15-10-2025,AIC186,VTALK,CYVR,VIDP,B77W,351.5,2822,,E,Enroute/En route,FALSE,1864.47,0,0,0,1864.47,CS434278,04-11-2025,N01836,
15-10-2025,1743,15-10-2025,AIC186,VTALK,CYVR,VIDP,B77W,351.5,2822,,A,Terminal/Terminaux,FALSE,3689.27,0,0,0,3689.27,CS434278,04-11-2025,N01836,
15-10-2025,2049,15-10-2025,AIC186,VTALK,CYVR,VIDP,B77W,0,0,,R,I.Comm.(DL)/Comm.int.(LD),TRUE,33.05,0,0,0,33.05,CS434278,04-11-2025,N01836,
15-10-2025,1031,15-10-2025,AIC187,VTALN,LOWW,CYYZ,B77W,0,0,,R,I.Comm.(DL)/Comm.int.(LD),TRUE,33.05,0,0,0,33.05,CS434278,04-11-2025,N01836,
15-10-2025,1031,15-10-2025,AIC187,VTALN,LOWW,CYYZ,B77W,0,0,,N,NAT/Atlantique Nord,FALSE,183.61,0,0,0,183.61,CS434278,04-11-2025,N01836,
15-10-2025,1221,15-10-2025,AIC187,VTALN,LOWW,CYYZ,B77W,351.5,2028,,E,Enroute/En route,FALSE,1339.88,0,0,0,1339.88,CS434278,04-11-2025,N01836,
15-10-2025,1816,15-10-2025,AIC188,VTALN,CYYZ,VIDP,B77W,351.5,2026,,E,Enroute/En route,FALSE,1338.56,0,0,0,1338.56,CS434278,04-11-2025,N01836,
15-10-2025,1816,15-10-2025,AIC188,VTALN,CYYZ,VIDP,B77W,351.5,2026,,A,Terminal/Terminaux,FALSE,3689.27,0,0,0,3689.27,CS434278,04-11-2025,N01836,
15-10-2025,2025,15-10-2025,AIC188,VTALN,CYYZ,VIDP,B77W,0,0,,R,I.Comm.(DL)/Comm.int.(LD),TRUE,33.05,0,0,0,33.05,CS434278,04-11-2025,N01836,
15-10-2025,2037,15-10-2025,AIC188,VTALN,CYYZ,VIDP,B77W,0,0,,N,NAT/Atlantique Nord,FALSE,183.61,0,0,0,183.61,CS434278,04-11-2025,N01836,
16-10-2025,1014,16-10-2025,AIC101,VTJRB,VIDP,KJFK,A359,0,0,,R,I.Comm.(DL)/Comm.int.(LD),TRUE,33.05,0,0,0,33.05,CS434278,04-11-2025,N01836,
16-10-2025,1017,16-10-2025,AIC101,VTJRB,VIDP,KJFK,A359,0,0,,N,NAT/Atlantique Nord,FALSE,183.61,0,0,0,183.61,CS434278,04-11-2025,N01836,
16-10-2025,1147,16-10-2025,AIC101,VTJRB,VIDP,KJFK,A359,280,1430,16.73320053,O,Overflight/Survol,FALSE,843.24,0,0,0,843.24,CS434278,04-11-2025,N01836,
16-10-2025,1752,16-10-2025,AIC102,VTJRB,KJFK,VIDP,A359,280,1402,16.73320053,O,Overflight/Survol,FALSE,826.73,0,0,0,826.73,CS434278,04-11-2025,N01836,
16-10-2025,1910,16-10-2025,AIC102,VTJRB,KJFK,VIDP,A359,0,0,,R,I.Comm.(DL)/Comm.int.(LD),TRUE,33.05,0,0,0,33.05,CS434278,04-11-2025,N01836,
16-10-2025,1919,16-10-2025,AIC102,VTJRB,KJFK,VIDP,A359,0,0,,N,NAT/Atlantique Nord,FALSE,183.61,0,0,0,183.61,CS434278,04-11-2025,N01836,
16-10-2025,858,16-10-2025,AIC105,VTJRE,VIDP,KEWR,A359,0,0,,N,NAT/Atlantique Nord,FALSE,183.61,0,0,0,183.61,CS434278,04-11-2025,N01836,
16-10-2025,1031,16-10-2025,AIC105,VTJRE,VIDP,KEWR,A359,280,1254,16.73320053,O,Overflight/Survol,FALSE,739.46,0,0,0,739.46,CS434278,04-11-2025,N01836,
16-10-2025,1031,16-10-2025,AIC105,VTJRE,VIDP,KEWR,A359,0,0,,R,I.Comm.(DL)/Comm.int.(LD),TRUE,33.05,0,0,0,33.05,CS434278,04-11-2025,N01836,
16-10-2025,1729,16-10-2025,AIC106,VTJRE,KEWR,VIDP,A359,280,1380,16.73320053,O,Overflight/Survol,FALSE,813.76,0,0,0,813.76,CS434278,04-11-2025,N01836,
16-10-2025,1844,16-10-2025,AIC106,VTJRE,KEWR,VIDP,A359,0,0,,R,I.Comm.(DL)/Comm.int.(LD),TRUE,33.05,0,0,0,33.05,CS434278,04-11-2025,N01836,
16-10-2025,1856,16-10-2025,AIC106,VTJRE,KEWR,VIDP,A359,0,0,,N,NAT/Atlantique Nord,FALSE,183.61,0,0,0,183.61,CS434278,04-11-2025,N01836,
16-10-2025,1641,16-10-2025,AIC116,VTAEN,KJFK,VABB,B77W,351.5,1400,18.74833326,O,Overflight/Survol,FALSE,924.97,0,0,0,924.97,CS434278,04-11-2025,N01836,
16-10-2025,1759,16-10-2025,AIC116,VTAEN,KJFK,VABB,B77W,0,0,,R,I.Comm.(DL)/Comm.int.(LD),TRUE,33.05,0,0,0,33.05,CS434278,04-11-2025,N01836,
16-10-2025,1811,16-10-2025,AIC116,VTAEN,KJFK,VABB,B77W,0,0,,N,NAT/Atlantique Nord,FALSE,183.61,0,0,0,183.61,CS434278,04-11-2025,N01836,
16-10-2025,2241,16-10-2025,AIC1186,VTALP,CYVR,VIDP,B77W,351.5,2583,,E,Enroute/En route,FALSE,1706.57,0,0,0,1706.57,CS434278,04-11-2025,N01836,
16-10-2025,2241,16-10-2025,AIC1186,VTALP,CYVR,VIDP,B77W,351.5,2583,,A,Terminal/Terminaux,FALSE,3689.27,0,0,0,3689.27,CS434278,04-11-2025,N01836,
17-10-2025,221,16-10-2025,AIC1186,VTALP,CYVR,VIDP,B77W,0,0,,R,I.Comm.(DL)/Comm.int.(LD),TRUE,33.05,0,0,0,33.05,CS434278,04-11-2025,N01836,
16-10-2025,1909,16-10-2025,AIC174,VTAEH,KSFO,VIDP,B77L,347.5,824,18.64135188,O,Overflight/Survol,FALSE,541.3,0,0,0,541.3,CS434278,04-11-2025,N01836,
16-10-2025,1054,16-10-2025,AIC180,VTALX,KSFO,VECC,B77W,351.5,2691,18.74833326,O,Overflight/Survol,FALSE,1777.92,0,0,0,1777.92,CS434278,04-11-2025,N01836,
16-10-2025,1400,16-10-2025,AIC180,VTALX,KSFO,VECC,B77W,0,0,,R,I.Comm.(DL)/Comm.int.(LD),TRUE,33.05,0,0,0,33.05,CS434278,04-11-2025,N01836,
16-10-2025,1246,16-10-2025,AIC185,VTALR,VIDP,CYVR,B77W,351.5,911,,E,Enroute/En route,FALSE,601.89,0,0,0,601.89,CS434278,04-11-2025,N01836,
16-10-2025,1802,16-10-2025,AIC186,VTALR,CYVR,VIDP,B77W,351.5,2328,,E,Enroute/En route,FALSE,1538.09,0,0,0,1538.09,CS434278,04-11-2025,N01836,
16-10-2025,1802,16-10-2025,AIC186,VTALR,CYVR,VIDP,B77W,351.5,2328,,A,Terminal/Terminaux,FALSE,3689.27,0,0,0,3689.27,CS434278,04-11-2025,N01836,
16-10-2025,1013,16-10-2025,AIC187,VTALO,LOWW,CYYZ,B77W,0,0,,N,NAT/Atlantique Nord,FALSE,183.61,0,0,0,183.61,CS434278,04-11-2025,N01836,
16-10-2025,1016,16-10-2025,AIC187,VTALO,LOWW,CYYZ,B77W,0,0,,R,I.Comm.(DL)/Comm.int.(LD),TRUE,33.05,0,0,0,33.05,CS434278,04-11-2025,N01836,
16-10-2025,1149,16-10-2025,AIC187,VTALO,LOWW,CYYZ,B77W,351.5,2148,,E,Enroute/En route,FALSE,1419.16,0,0,0,1419.16,CS434278,04-11-2025,N01836,
16-10-2025,1823,16-10-2025,AIC188,VTALO,CYYZ,VIDP,B77W,351.5,2028,,E,Enroute/En route,FALSE,1339.88,0,0,0,1339.88,CS434278,04-11-2025,N01836,
16-10-2025,1823,16-10-2025,AIC188,VTALO,CYYZ,VIDP,B77W,351.5,2028,,A,Terminal/Terminaux,FALSE,3689.27,0,0,0,3689.27,CS434278,04-11-2025,N01836,
16-10-2025,2103,16-10-2025,AIC188,VTALO,CYYZ,VIDP,B77W,0,0,,R,I.Comm.(DL)/Comm.int.(LD),TRUE,33.05,0,0,0,33.05,CS434278,04-11-2025,N01836,
16-10-2025,2106,16-10-2025,AIC188,VTALO,CYYZ,VIDP,B77W,0,0,,N,NAT/Atlantique Nord,FALSE,183.61,0,0,0,183.61,CS434278,04-11-2025,N01836,
17-10-2025,1029,17-10-2025,AIC101,VTJRH,VIDP,KJFK,A359,0,0,,N,NAT/Atlantique Nord,FALSE,183.61,0,0,0,183.61,CS434278,04-11-2025,N01836,
17-10-2025,1030,17-10-2025,AIC101,VTJRH,VIDP,KJFK,A359,0,0,,R,I.Comm.(DL)/Comm.int.(LD),TRUE,33.05,0,0,0,33.05,CS434278,04-11-2025,N01836,
17-10-2025,1206,17-10-2025,AIC101,VTJRH,VIDP,KJFK,A359,280,1358,16.73320053,O,Overflight/Survol,FALSE,800.78,0,0,0,800.78,CS434278,04-11-2025,N01836,
17-10-2025,1753,17-10-2025,AIC102,VTJRH,KJFK,VIDP,A359,280,1419,16.73320053,O,Overflight/Survol,FALSE,836.75,0,0,0,836.75,CS434278,04-11-2025,N01836,
17-10-2025,1911,17-10-2025,AIC102,VTJRH,KJFK,VIDP,A359,0,0,,R,I.Comm.(DL)/Comm.int.(LD),TRUE,33.05,0,0,0,33.05,CS434278,04-11-2025,N01836,
17-10-2025,1923,17-10-2025,AIC102,VTJRH,KJFK,VIDP,A359,0,0,,N,NAT/Atlantique Nord,FALSE,183.61,0,0,0,183.61,CS434278,04-11-2025,N01836,
17-10-2025,2020,17-10-2025,AIC126,VTALK,KORD,VIDP,B77W,351.5,2102,18.74833326,O,Overflight/Survol,FALSE,1388.77,0,0,0,1388.77,CS434278,04-11-2025,N01836,
17-10-2025,2237,17-10-2025,AIC126,VTALK,KORD,VIDP,B77W,0,0,,N,NAT/Atlantique Nord,FALSE,183.61,0,0,0,183.61,CS434278,04-11-2025,N01836,
17-10-2025,2244,17-10-2025,AIC126,VTALK,KORD,VIDP,B77W,0,0,,R,I.Comm.(DL)/Comm.int.(LD),TRUE,33.05,0,0,0,33.05,CS434278,04-11-2025,N01836,
17-10-2025,1122,17-10-2025,AIC127,VTALK,LOWW,KORD,B77W,0,0,,N,NAT/Atlantique Nord,FALSE,183.61,0,0,0,183.61,CS434278,04-11-2025,N01836,
17-10-2025,1122,17-10-2025,AIC127,VTALK,LOWW,KORD,B77W,0,0,,R,I.Comm.(DL)/Comm.int.(LD),TRUE,33.05,0,0,0,33.05,CS434278,04-11-2025,N01836,
17-10-2025,1307,17-10-2025,AIC127,VTALK,LOWW,KORD,B77W,351.5,2300,18.74833326,O,Overflight/Survol,FALSE,1519.59,0,0,0,1519.59,CS434278,04-11-2025,N01836,
17-10-2025,1851,17-10-2025,AIC144,VTAER,KEWR,VABB,B77W,351.5,1308,18.74833326,O,Overflight/Survol,FALSE,864.18,0,0,0,864.18,CS434278,04-11-2025,N01836,
17-10-2025,2005,17-10-2025,AIC144,VTAER,KEWR,VABB,B77W,0,0,,R,I.Comm.(DL)/Comm.int.(LD),TRUE,33.05,0,0,0,33.05,CS434278,04-11-2025,N01836,
17-10-2025,2016,17-10-2025,AIC144,VTAER,KEWR,VABB,B77W,0,0,,N,NAT/Atlantique Nord,FALSE,183.61,0,0,0,183.61,CS434278,04-11-2025,N01836,
17-10-2025,821,17-10-2025,AIC180,VTALM,KSFO,VECC,B77W,351.5,761,18.74833326,O,Overflight/Survol,FALSE,502.79,0,0,0,502.79,CS434278,04-11-2025,N01836,
17-10-2025,1120,17-10-2025,AIC184,VTALS,KSFO,VECC,B77W,351.5,1874,18.74833326,O,Overflight/Survol,FALSE,1238.14,0,0,0,1238.14,CS434278,04-11-2025,N01836,
17-10-2025,1739,17-10-2025,AIC185D,VTAEP,VIDP,CYVR,B77W,351.5,967,,E,Enroute/En route,FALSE,638.89,0,0,0,638.89,CS434278,04-11-2025,N01836,
17-10-2025,2208,17-10-2025,AIC186,VTAEP,CYVR,VIDP,B77W,351.5,2582,,E,Enroute/En route,FALSE,1705.9,0,0,0,1705.9,CS434278,04-11-2025,N01836,
17-10-2025,2208,17-10-2025,AIC186,VTAEP,CYVR,VIDP,B77W,351.5,2582,,A,Terminal/Terminaux,FALSE,3689.27,0,0,0,3689.27,CS434278,04-11-2025,N01836,
17-10-2025,1247,17-10-2025,AIC187,VTALN,LOWW,CYYZ,B77W,0,0,,N,NAT/Atlantique Nord,FALSE,183.61,0,0,0,183.61,CS434278,04-11-2025,N01836,
17-10-2025,1248,17-10-2025,AIC187,VTALN,LOWW,CYYZ,B77W,0,0,,R,I.Comm.(DL)/Comm.int.(LD),TRUE,33.05,0,0,0,33.05,CS434278,04-11-2025,N01836,
17-10-2025,1434,17-10-2025,AIC187,VTALN,LOWW,CYYZ,B77W,351.5,2048,,E,Enroute/En route,FALSE,1353.1,0,0,0,1353.1,CS434278,04-11-2025,N01836,
17-10-2025,2049,17-10-2025,AIC188,VTALN,CYYZ,VIDP,B77W,351.5,2044,,E,Enroute/En route,FALSE,1350.45,0,0,0,1350.45,CS434278,04-11-2025,N01836,
17-10-2025,2049,17-10-2025,AIC188,VTALN,CYYZ,VIDP,B77W,351.5,2044,,A,Terminal/Terminaux,FALSE,3689.27,0,0,0,3689.27,CS434278,04-11-2025,N01836,
17-10-2025,2318,17-10-2025,AIC188,VTALN,CYYZ,VIDP,B77W,0,0,,N,NAT/Atlantique Nord,FALSE,183.61,0,0,0,183.61,CS434278,04-11-2025,N01836,
17-10-2025,2327,17-10-2025,AIC188,VTALN,CYYZ,VIDP,B77W,0,0,,R,I.Comm.(DL)/Comm.int.(LD),TRUE,33.05,0,0,0,33.05,CS434278,04-11-2025,N01836,
17-10-2025,832,17-10-2025,AIC191,VTAER,VABB,KEWR,B77W,0,0,,N,NAT/Atlantique Nord,FALSE,183.61,0,0,0,183.61,CS434278,04-11-2025,N01836,
17-10-2025,836,17-10-2025,AIC191,VTAER,VABB,KEWR,B77W,0,0,,R,I.Comm.(DL)/Comm.int.(LD),TRUE,33.05,0,0,0,33.05,CS434278,04-11-2025,N01836,
17-10-2025,1010,17-10-2025,AIC191,VTAER,VABB,KEWR,B77W,351.5,1204,18.74833326,O,Overflight/Survol,FALSE,795.47,0,0,0,795.47,CS434278,04-11-2025,N01836,
18-10-2025,1109,18-10-2025,AIC101,VTJRE,VIDP,KJFK,A359,0,0,,N,NAT/Atlantique Nord,FALSE,183.61,0,0,0,183.61,CS434278,04-11-2025,N01836,
18-10-2025,1111,18-10-2025,AIC101,VTJRE,VIDP,KJFK,A359,0,0,,R,I.Comm.(DL)/Comm.int.(LD),TRUE,33.05,0,0,0,33.05,CS434278,04-11-2025,N01836,
18-10-2025,1256,18-10-2025,AIC101,VTJRE,VIDP,KJFK,A359,280,1298,16.73320053,O,Overflight/Survol,FALSE,765.4,0,0,0,765.4,CS434278,04-11-2025,N01836,
18-10-2025,1905,18-10-2025,AIC102,VTJRE,KJFK,VIDP,A359,280,1393,16.73320053,O,Overflight/Survol,FALSE,821.42,0,0,0,821.42,CS434278,04-11-2025,N01836,
18-10-2025,2027,18-10-2025,AIC102,VTJRE,KJFK,VIDP,A359,0,0,,R,I.Comm.(DL)/Comm.int.(LD),TRUE,33.05,0,0,0,33.05,CS434278,04-11-2025,N01836,
18-10-2025,2037,18-10-2025,AIC102,VTJRE,KJFK,VIDP,A359,0,0,,N,NAT/Atlantique Nord,FALSE,183.61,0,0,0,183.61,CS434278,04-11-2025,N01836,
18-10-2025,849,18-10-2025,AIC105,VTJRB,VIDP,KEWR,A359,0,0,,N,NAT/Atlantique Nord,FALSE,183.61,0,0,0,183.61,CS434278,04-11-2025,N01836,
18-10-2025,850,18-10-2025,AIC105,VTJRB,VIDP,KEWR,A359,0,0,,R,I.Comm.(DL)/Comm.int.(LD),TRUE,33.05,0,0,0,33.05,CS434278,04-11-2025,N01836,
18-10-2025,1040,18-10-2025,AIC105,VTJRB,VIDP,KEWR,A359,280,1128,16.73320053,O,Overflight/Survol,FALSE,665.16,0,0,0,665.16,CS434278,04-11-2025,N01836,
18-10-2025,1707,18-10-2025,AIC106,VTJRB,KEWR,VIDP,A359,280,1454,16.73320053,O,Overflight/Survol,FALSE,857.39,0,0,0,857.39,CS434278,04-11-2025,N01836,
18-10-2025,1832,18-10-2025,AIC106,VTJRB,KEWR,VIDP,A359,0,0,,R,I.Comm.(DL)/Comm.int.(LD),TRUE,33.05,0,0,0,33.05,CS434278,04-11-2025,N01836,
18-10-2025,1844,18-10-2025,AIC106,VTJRB,KEWR,VIDP,A359,0,0,,N,NAT/Atlantique Nord,FALSE,183.61,0,0,0,183.61,CS434278,04-11-2025,N01836,
18-10-2025,1649,18-10-2025,AIC116,VTALR,KJFK,VABB,B77W,351.5,1393,18.74833326,O,Overflight/Survol,FALSE,920.34,0,0,0,920.34,CS434278,04-11-2025,N01836,
18-10-2025,1810,18-10-2025,AIC116,VTALR,KJFK,VABB,B77W,0,0,,R,I.Comm.(DL)/Comm.int.(LD),TRUE,33.05,0,0,0,33.05,CS434278,04-11-2025,N01836,
18-10-2025,1820,18-10-2025,AIC116,VTALR,KJFK,VABB,B77W,0,0,,N,NAT/Atlantique Nord,FALSE,183.61,0,0,0,183.61,CS434278,04-11-2025,N01836,
18-10-2025,844,18-10-2025,AIC119,VTALR,VABB,KJFK,B77W,0,0,,N,NAT/Atlantique Nord,FALSE,183.61,0,0,0,183.61,CS434278,04-11-2025,N01836,
18-10-2025,845,18-10-2025,AIC119,VTALR,VABB,KJFK,B77W,0,0,,R,I.Comm.(DL)/Comm.int.(LD),TRUE,33.05,0,0,0,33.05,CS434278,04-11-2025,N01836,
18-10-2025,1037,18-10-2025,AIC119,VTALR,VABB,KJFK,B77W,351.5,1156,18.74833326,O,Overflight/Survol,FALSE,763.76,0,0,0,763.76,CS434278,04-11-2025,N01836,
18-10-2025,1858,18-10-2025,AIC174,VTAEH,KSFO,VIDP,B77L,347.5,804,18.64135188,O,Overflight/Survol,FALSE,528.16,0,0,0,528.16,CS434278,04-11-2025,N01836,
18-10-2025,849,18-10-2025,AIC176,VTAEM,KSFO,VECC,B77W,351.5,619,18.74833326,O,Overflight/Survol,FALSE,408.97,0,0,0,408.97,CS434278,04-11-2025,N01836,
19-10-2025,655,18-10-2025,AIC184,VTALS,KSFO,VECC,B77W,351.5,2602,18.74833326,O,Overflight/Survol,FALSE,1719.12,0,0,0,1719.12,CS434278,04-11-2025,N01836,
18-10-2025,1242,18-10-2025,AIC185,VTALO,VIDP,CYVR,B77W,351.5,757,,E,Enroute/En route,FALSE,500.14,0,0,0,500.14,CS434278,04-11-2025,N01836,
18-10-2025,1737,18-10-2025,AIC186,VTALO,CYVR,VIDP,B77W,351.5,2583,,E,Enroute/En route,FALSE,1706.57,0,0,0,1706.57,CS434278,04-11-2025,N01836,
18-10-2025,1737,18-10-2025,AIC186,VTALO,CYVR,VIDP,B77W,351.5,2583,,A,Terminal/Terminaux,FALSE,3689.27,0,0,0,3689.27,CS434278,04-11-2025,N01836,
18-10-2025,1044,18-10-2025,AIC187,VTALP,LOWW,CYYZ,B77W,0,0,,N,NAT/Atlantique Nord,FALSE,183.61,0,0,0,183.61,CS434278,04-11-2025,N01836,
18-10-2025,1045,18-10-2025,AIC187,VTALP,LOWW,CYYZ,B77W,0,0,,R,I.Comm.(DL)/Comm.int.(LD),TRUE,33.05,0,0,0,33.05,CS434278,04-11-2025,N01836,
18-10-2025,1238,18-10-2025,AIC187,VTALP,LOWW,CYYZ,B77W,351.5,2009,,E,Enroute/En route,FALSE,1327.33,0,0,0,1327.33,CS434278,04-11-2025,N01836,
18-10-2025,1803,18-10-2025,AIC188,VTALP,CYYZ,VIDP,B77W,0,0,,R,I.Comm.(DL)/Comm.int.(LD),TRUE,33.05,0,0,0,33.05,CS434278,04-11-2025,N01836,
18-10-2025,2219,18-10-2025,AIC188,VTALP,CYYZ,VIDP,B77W,351.5,2246,,E,Enroute/En route,FALSE,1483.91,0,0,0,1483.91,CS434278,04-11-2025,N01836,
18-10-2025,2219,18-10-2025,AIC188,VTALP,CYYZ,VIDP,B77W,351.5,2246,,A,Terminal/Terminaux,FALSE,3689.27,0,0,0,3689.27,CS434278,04-11-2025,N01836,
19-10-2025,53,18-10-2025,AIC188,VTALP,CYYZ,VIDP,B77W,0,0,,N,NAT/Atlantique Nord,FALSE,183.61,0,0,0,183.61,CS434278,04-11-2025,N01836,
18-10-2025,1431,18-10-2025,AIC189,VTALX,LOWW,CYYZ,B77W,0,0,,R,I.Comm.(DL)/Comm.int.(LD),TRUE,33.05,0,0,0,33.05,CS434278,04-11-2025,N01836,
18-10-2025,1434,18-10-2025,AIC189,VTALX,LOWW,CYYZ,B77W,0,0,,N,NAT/Atlantique Nord,FALSE,183.61,0,0,0,183.61,CS434278,04-11-2025,N01836,
18-10-2025,1632,18-10-2025,AIC189,VTALX,LOWW,CYYZ,B77W,351.5,2002,,E,Enroute/En route,FALSE,1322.7,0,0,0,1322.7,CS434278,04-11-2025,N01836,
18-10-2025,2248,18-10-2025,AIC190,VTALX,CYYZ,VIDP,B77W,351.5,2015,,E,Enroute/En route,FALSE,1331.29,0,0,0,1331.29,CS434278,04-11-2025,N01836,
18-10-2025,2248,18-10-2025,AIC190,VTALX,CYYZ,VIDP,B77W,351.5,2015,,A,Terminal/Terminaux,FALSE,3689.27,0,0,0,3689.27,CS434278,04-11-2025,N01836,
19-10-2025,105,18-10-2025,AIC190,VTALX,CYYZ,VIDP,B77W,0,0,,N,NAT/Atlantique Nord,FALSE,183.61,0,0,0,183.61,CS434278,04-11-2025,N01836,
19-10-2025,109,18-10-2025,AIC190,VTALX,CYYZ,VIDP,B77W,0,0,,R,I.Comm.(DL)/Comm.int.(LD),TRUE,33.05,0,0,0,33.05,CS434278,04-11-2025,N01836,
19-10-2025,1034,19-10-2025,AIC101,VTJRA,VIDP,KJFK,A359,0,0,,N,NAT/Atlantique Nord,FALSE,183.61,0,0,0,183.61,CS434278,04-11-2025,N01836,
19-10-2025,1036,19-10-2025,AIC101,VTJRA,VIDP,KJFK,A359,0,0,,R,I.Comm.(DL)/Comm.int.(LD),TRUE,33.05,0,0,0,33.05,CS434278,04-11-2025,N01836,
19-10-2025,1223,19-10-2025,AIC101,VTJRA,VIDP,KJFK,A359,280,1320,16.73320053,O,Overflight/Survol,FALSE,778.37,0,0,0,778.37,CS434278,04-11-2025,N01836,
19-10-2025,1810,19-10-2025,AIC102,VTJRA,KJFK,VIDP,A359,280,1382,16.73320053,O,Overflight/Survol,FALSE,814.93,0,0,0,814.93,CS434278,04-11-2025,N01836,
19-10-2025,1931,19-10-2025,AIC102,VTJRA,KJFK,VIDP,A359,0,0,,R,I.Comm.(DL)/Comm.int.(LD),TRUE,33.05,0,0,0,33.05,CS434278,04-11-2025,N01836,
19-10-2025,1943,19-10-2025,AIC102,VTJRA,KJFK,VIDP,A359,0,0,,N,NAT/Atlantique Nord,FALSE,183.61,0,0,0,183.61,CS434278,04-11-2025,N01836,
19-10-2025,1723,19-10-2025,AIC116,VTAEP,KJFK,VABB,B77W,351.5,1422,18.74833326,O,Overflight/Survol,FALSE,939.5,0,0,0,939.5,CS434278,04-11-2025,N01836,
19-10-2025,1840,19-10-2025,AIC116,VTAEP,KJFK,VABB,B77W,0,0,,R,I.Comm.(DL)/Comm.int.(LD),TRUE,33.05,0,0,0,33.05,CS434278,04-11-2025,N01836,
19-10-2025,1900,19-10-2025,AIC116,VTAEP,KJFK,VABB,B77W,0,0,,N,NAT/Atlantique Nord,FALSE,183.61,0,0,0,183.61,CS434278,04-11-2025,N01836,
19-10-2025,837,19-10-2025,AIC119,VTAEP,VABB,KJFK,B77W,0,0,,N,NAT/Atlantique Nord,FALSE,183.61,0,0,0,183.61,CS434278,04-11-2025,N01836,
19-10-2025,900,19-10-2025,AIC119,VTAEP,VABB,KJFK,B77W,0,0,,R,I.Comm.(DL)/Comm.int.(LD),TRUE,33.05,0,0,0,33.05,CS434278,04-11-2025,N01836,
19-10-2025,1033,19-10-2025,AIC119,VTAEP,VABB,KJFK,B77W,351.5,1132,18.74833326,O,Overflight/Survol,FALSE,747.9,0,0,0,747.9,CS434278,04-11-2025,N01836,
19-10-2025,2038,19-10-2025,AIC126,VTALN,KORD,VIDP,B77W,351.5,2185,18.74833326,O,Overflight/Survol,FALSE,1443.61,0,0,0,1443.61,CS434278,04-11-2025,N01836,
19-10-2025,2144,19-10-2025,AIC126,VTALN,KORD,VIDP,B77W,0,0,,R,I.Comm.(DL)/Comm.int.(LD),TRUE,33.05,0,0,0,33.05,CS434278,04-11-2025,N01836,
19-10-2025,2244,19-10-2025,AIC126,VTALN,KORD,VIDP,B77W,0,0,,N,NAT/Atlantique Nord,FALSE,183.61,0,0,0,183.61,CS434278,04-11-2025,N01836,
19-10-2025,1124,19-10-2025,AIC127,VTALN,LOWW,KORD,B77W,0,0,,R,I.Comm.(DL)/Comm.int.(LD),TRUE,33.05,0,0,0,33.05,CS434278,04-11-2025,N01836,
19-10-2025,1125,19-10-2025,AIC127,VTALN,LOWW,KORD,B77W,0,0,,N,NAT/Atlantique Nord,FALSE,183.61,0,0,0,183.61,CS434278,04-11-2025,N01836,
19-10-2025,1324,19-10-2025,AIC127,VTALN,LOWW,KORD,B77W,351.5,2217,18.74833326,O,Overflight/Survol,FALSE,1464.75,0,0,0,1464.75,CS434278,04-11-2025,N01836,
19-10-2025,1707,19-10-2025,AIC144,VTAEQ,KEWR,VABB,B77W,351.5,1393,18.74833326,O,Overflight/Survol,FALSE,920.34,0,0,0,920.34,CS434278,04-11-2025,N01836,
19-10-2025,1824,19-10-2025,AIC144,VTAEQ,KEWR,VABB,B77W,0,0,,R,I.Comm.(DL)/Comm.int.(LD),TRUE,33.05,0,0,0,33.05,CS434278,04-11-2025,N01836,
19-10-2025,1841,19-10-2025,AIC144,VTAEQ,KEWR,VABB,B77W,0,0,,N,NAT/Atlantique Nord,FALSE,183.61,0,0,0,183.61,CS434278,04-11-2025,N01836,
19-10-2025,1850,19-10-2025,AIC174,VTAEI,KSFO,VIDP,B77L,347.5,2732,18.64135188,O,Overflight/Survol,FALSE,1794.71,0,0,0,1794.71,CS434278,04-11-2025,N01836,
19-10-2025,919,19-10-2025,AIC180,VTAER,KSFO,VECC,B77W,351.5,2600,18.74833326,O,Overflight/Survol,FALSE,1717.8,0,0,0,1717.8,CS434278,04-11-2025,N01836,
20-10-2025,728,19-10-2025,AIC180,VTAEM,KSFO,VECC,B77W,351.5,500,18.74833326,O,Overflight/Survol,FALSE,330.35,0,0,0,330.35,CS434278,04-11-2025,N01836,
19-10-2025,1223,19-10-2025,AIC185,VTALK,VIDP,CYVR,B77W,351.5,968,,E,Enroute/En route,FALSE,639.55,0,0,0,639.55,CS434278,04-11-2025,N01836,
19-10-2025,1742,19-10-2025,AIC186,VTALK,CYVR,VIDP,B77W,351.5,2583,,E,Enroute/En route,FALSE,1706.57,0,0,0,1706.57,CS434278,04-11-2025,N01836,
19-10-2025,1742,19-10-2025,AIC186,VTALK,CYVR,VIDP,B77W,351.5,2583,,A,Terminal/Terminaux,FALSE,3689.27,0,0,0,3689.27,CS434278,04-11-2025,N01836,
19-10-2025,2116,19-10-2025,AIC186,VTALK,CYVR,VIDP,B77W,0,0,,R,I.Comm.(DL)/Comm.int.(LD),TRUE,33.05,0,0,0,33.05,CS434278,04-11-2025,N01836,
19-10-2025,1034,19-10-2025,AIC187,VTALM,LOWW,CYYZ,B77W,0,0,,N,NAT/Atlantique Nord,FALSE,183.61,0,0,0,183.61,CS434278,04-11-2025,N01836,
19-10-2025,1035,19-10-2025,AIC187,VTALM,LOWW,CYYZ,B77W,0,0,,R,I.Comm.(DL)/Comm.int.(LD),TRUE,33.05,0,0,0,33.05,CS434278,04-11-2025,N01836,
19-10-2025,1227,19-10-2025,AIC187,VTALM,LOWW,CYYZ,B77W,351.5,2043,,E,Enroute/En route,FALSE,1349.79,0,0,0,1349.79,CS434278,04-11-2025,N01836,
19-10-2025,1820,19-10-2025,AIC188,VTALM,CYYZ,VIDP,B77W,351.5,2180,,E,Enroute/En route,FALSE,1440.31,0,0,0,1440.31,CS434278,04-11-2025,N01836,
19-10-2025,1820,19-10-2025,AIC188,VTALM,CYYZ,VIDP,B77W,351.5,2180,,A,Terminal/Terminaux,FALSE,3689.27,0,0,0,3689.27,CS434278,04-11-2025,N01836,
19-10-2025,2036,19-10-2025,AIC188,VTALM,CYYZ,VIDP,B77W,0,0,,R,I.Comm.(DL)/Comm.int.(LD),TRUE,33.05,0,0,0,33.05,CS434278,04-11-2025,N01836,
19-10-2025,2049,19-10-2025,AIC188,VTALM,CYYZ,VIDP,B77W,0,0,,N,NAT/Atlantique Nord,FALSE,183.61,0,0,0,183.61,CS434278,04-11-2025,N01836,
19-10-2025,826,19-10-2025,AIC191,VTAEQ,VABB,KEWR,B77W,0,0,,N,NAT/Atlantique Nord,FALSE,183.61,0,0,0,183.61,CS434278,04-11-2025,N01836,
19-10-2025,828,19-10-2025,AIC191,VTAEQ,VABB,KEWR,B77W,0,0,,R,I.Comm.(DL)/Comm.int.(LD),TRUE,33.05,0,0,0,33.05,CS434278,04-11-2025,N01836,
19-10-2025,1020,19-10-2025,AIC191,VTAEQ,VABB,KEWR,B77W,351.5,1130,18.74833326,O,Overflight/Survol,FALSE,746.58,0,0,0,746.58,CS434278,04-11-2025,N01836,
20-10-2025,1039,20-10-2025,AIC101,VTJRF,VIDP,KJFK,A359,0,0,,N,NAT/Atlantique Nord,FALSE,183.61,0,0,0,183.61,CS434278,04-11-2025,N01836,
20-10-2025,1040,20-10-2025,AIC101,VTJRF,VIDP,KJFK,A359,0,0,,R,I.Comm.(DL)/Comm.int.(LD),TRUE,33.05,0,0,0,33.05,CS434278,04-11-2025,N01836,
20-10-2025,1218,20-10-2025,AIC101,VTJRF,VIDP,KJFK,A359,280,1519,16.73320053,O,Overflight/Survol,FALSE,895.72,0,0,0,895.72,CS434278,04-11-2025,N01836,
20-10-2025,1819,20-10-2025,AIC102,VTJRF,KJFK,VIDP,A359,280,1365,16.73320053,O,Overflight/Survol,FALSE,804.91,0,0,0,804.91,CS434278,04-11-2025,N01836,
20-10-2025,1935,20-10-2025,AIC102,VTJRF,KJFK,VIDP,A359,0,0,,R,I.Comm.(DL)/Comm.int.(LD),TRUE,33.05,0,0,0,33.05,CS434278,04-11-2025,N01836,
20-10-2025,1951,20-10-2025,AIC102,VTJRF,KJFK,VIDP,A359,0,0,,N,NAT/Atlantique Nord,FALSE,183.61,0,0,0,183.61,CS434278,04-11-2025,N01836,
20-10-2025,912,20-10-2025,AIC105,VTJRE,VIDP,KEWR,A359,0,0,,R,I.Comm.(DL)/Comm.int.(LD),TRUE,33.05,0,0,0,33.05,CS434278,04-11-2025,N01836,
20-10-2025,913,20-10-2025,AIC105,VTJRE,VIDP,KEWR,A359,0,0,,N,NAT/Atlantique Nord,FALSE,183.61,0,0,0,183.61,CS434278,04-11-2025,N01836,
20-10-2025,1052,20-10-2025,AIC105,VTJRE,VIDP,KEWR,A359,280,1369,16.73320053,O,Overflight/Survol,FALSE,807.27,0,0,0,807.27,CS434278,04-11-2025,N01836,
20-10-2025,1733,20-10-2025,AIC106,VTJRE,KEWR,VIDP,A359,280,1343,16.73320053,O,Overflight/Survol,FALSE,791.94,0,0,0,791.94,CS434278,04-11-2025,N01836,
20-10-2025,1851,20-10-2025,AIC106,VTJRE,KEWR,VIDP,A359,0,0,,R,I.Comm.(DL)/Comm.int.(LD),TRUE,33.05,0,0,0,33.05,CS434278,04-11-2025,N01836,
20-10-2025,1903,20-10-2025,AIC106,VTJRE,KEWR,VIDP,A359,0,0,,N,NAT/Atlantique Nord,FALSE,183.61,0,0,0,183.61,CS434278,04-11-2025,N01836,
20-10-2025,2113,20-10-2025,AIC116,VTAEN,KJFK,VABB,B77W,351.5,1435,18.74833326,O,Overflight/Survol,FALSE,948.09,0,0,0,948.09,CS434278,04-11-2025,N01836,
20-10-2025,2228,20-10-2025,AIC116,VTAEN,KJFK,VABB,B77W,0,0,,R,I.Comm.(DL)/Comm.int.(LD),TRUE,33.05,0,0,0,33.05,CS434278,04-11-2025,N01836,
20-10-2025,2247,20-10-2025,AIC116,VTAEN,KJFK,VABB,B77W,0,0,,N,NAT/Atlantique Nord,FALSE,183.61,0,0,0,183.61,CS434278,04-11-2025,N01836,
21-10-2025,736,20-10-2025,AIC119,VTAER,VABB,KJFK,B77W,0,0,,N,NAT/Atlantique Nord,FALSE,183.61,0,0,0,183.61,CS434278,04-11-2025,N01836,
21-10-2025,736,20-10-2025,AIC119,VTAER,VABB,KJFK,B77W,0,0,,R,I.Comm.(DL)/Comm.int.(LD),TRUE,33.05,0,0,0,33.05,CS434278,04-11-2025,N01836,
21-10-2025,926,21-10-2025,AIC119,VTAER,VABB,KJFK,B77W,351.5,1293,18.74833326,O,Overflight/Survol,FALSE,854.27,0,0,0,854.27,CS434278,04-11-2025,N01836,
20-10-2025,1234,20-10-2025,AIC119D,VTAEN,VABB,KJFK,B77W,0,0,,N,NAT/Atlantique Nord,FALSE,183.61,0,0,0,183.61,CS434278,04-11-2025,N01836,
20-10-2025,1236,20-10-2025,AIC119D,VTAEN,VABB,KJFK,B77W,0,0,,R,I.Comm.(DL)/Comm.int.(LD),TRUE,33.05,0,0,0,33.05,CS434278,04-11-2025,N01836,
20-10-2025,1414,20-10-2025,AIC119D,VTAEN,VABB,KJFK,B77W,351.5,1480,18.74833326,O,Overflight/Survol,FALSE,977.82,0,0,0,977.82,CS434278,04-11-2025,N01836,
20-10-2025,2046,20-10-2025,AIC126,VTALX,KORD,VIDP,B77W,351.5,2121,18.74833326,O,Overflight/Survol,FALSE,1401.33,0,0,0,1401.33,CS434278,04-11-2025,N01836,
20-10-2025,2253,20-10-2025,AIC126,VTALX,KORD,VIDP,B77W,0,0,,N,NAT/Atlantique Nord,FALSE,183.61,0,0,0,183.61,CS434278,04-11-2025,N01836,
20-10-2025,2259,20-10-2025,AIC126,VTALX,KORD,VIDP,B77W,0,0,,R,I.Comm.(DL)/Comm.int.(LD),TRUE,33.05,0,0,0,33.05,CS434278,04-11-2025,N01836,
20-10-2025,1120,20-10-2025,AIC127,VTALX,LOWW,KORD,B77W,0,0,,N,NAT/Atlantique Nord,FALSE,183.61,0,0,0,183.61,CS434278,04-11-2025,N01836,
20-10-2025,1122,20-10-2025,AIC127,VTALX,LOWW,KORD,B77W,0,0,,R,I.Comm.(DL)/Comm.int.(LD),TRUE,33.05,0,0,0,33.05,CS434278,04-11-2025,N01836,
20-10-2025,1310,20-10-2025,AIC127,VTALX,LOWW,KORD,B77W,351.5,2259,18.74833326,O,Overflight/Survol,FALSE,1492.5,0,0,0,1492.5,CS434278,04-11-2025,N01836,
20-10-2025,1859,20-10-2025,AIC174,VTAEH,KSFO,VIDP,B77L,347.5,793,18.64135188,O,Overflight/Survol,FALSE,520.94,0,0,0,520.94,CS434278,04-11-2025,N01836,
21-10-2025,702,20-10-2025,AIC176,VTALR,KSFO,VECC,B77W,351.5,819,18.74833326,O,Overflight/Survol,FALSE,541.11,0,0,0,541.11,CS434278,04-11-2025,N01836,
20-10-2025,1500,20-10-2025,AIC185,VTALP,VIDP,CYVR,B77W,351.5,955,,E,Enroute/En route,FALSE,630.96,0,0,0,630.96,CS434278,04-11-2025,N01836,
20-10-2025,1922,20-10-2025,AIC186,VTALP,CYVR,VIDP,B77W,351.5,2582,,E,Enroute/En route,FALSE,1705.9,0,0,0,1705.9,CS434278,04-11-2025,N01836,
20-10-2025,1922,20-10-2025,AIC186,VTALP,CYVR,VIDP,B77W,351.5,2582,,A,Terminal/Terminaux,FALSE,3689.27,0,0,0,3689.27,CS434278,04-11-2025,N01836,
20-10-2025,1054,20-10-2025,AIC187,VTALO,LOWW,CYYZ,B77W,0,0,,R,I.Comm.(DL)/Comm.int.(LD),TRUE,33.05,0,0,0,33.05,CS434278,04-11-2025,N01836,
20-10-2025,1056,20-10-2025,AIC187,VTALO,LOWW,CYYZ,B77W,0,0,,N,NAT/Atlantique Nord,FALSE,183.61,0,0,0,183.61,CS434278,04-11-2025,N01836,
20-10-2025,1247,20-10-2025,AIC187,VTALO,LOWW,CYYZ,B77W,351.5,2037,,E,Enroute/En route,FALSE,1345.83,0,0,0,1345.83,CS434278,04-11-2025,N01836,
20-10-2025,1825,20-10-2025,AIC188,VTALO,CYYZ,VIDP,B77W,351.5,2052,,E,Enroute/En route,FALSE,1355.74,0,0,0,1355.74,CS434278,04-11-2025,N01836,
20-10-2025,1825,20-10-2025,AIC188,VTALO,CYYZ,VIDP,B77W,351.5,2052,,A,Terminal/Terminaux,FALSE,3689.27,0,0,0,3689.27,CS434278,04-11-2025,N01836,
20-10-2025,2036,20-10-2025,AIC188,VTALO,CYYZ,VIDP,B77W,0,0,,R,I.Comm.(DL)/Comm.int.(LD),TRUE,33.05,0,0,0,33.05,CS434278,04-11-2025,N01836,
20-10-2025,2047,20-10-2025,AIC188,VTALO,CYYZ,VIDP,B77W,0,0,,N,NAT/Atlantique Nord,FALSE,183.61,0,0,0,183.61,CS434278,04-11-2025,N01836,
21-10-2025,909,21-10-2025,AIC105,VTJRA,VIDP,KEWR,A359,0,0,,N,NAT/Atlantique Nord,FALSE,183.61,0,0,0,183.61,CS434278,04-11-2025,N01836,
21-10-2025,922,21-10-2025,AIC105,VTJRA,VIDP,KEWR,A359,0,0,,R,I.Comm.(DL)/Comm.int.(LD),TRUE,33.05,0,0,0,33.05,CS434278,04-11-2025,N01836,
21-10-2025,1101,21-10-2025,AIC105,VTJRA,VIDP,KEWR,A359,280,1128,16.73320053,O,Overflight/Survol,FALSE,665.16,0,0,0,665.16,CS434278,04-11-2025,N01836,
21-10-2025,1747,21-10-2025,AIC106,VTJRA,KEWR,VIDP,A359,280,1296,16.73320053,O,Overflight/Survol,FALSE,764.22,0,0,0,764.22,CS434278,04-11-2025,N01836,
21-10-2025,1857,21-10-2025,AIC106,VTJRA,KEWR,VIDP,A359,0,0,,R,I.Comm.(DL)/Comm.int.(LD),TRUE,33.05,0,0,0,33.05,CS434278,04-11-2025,N01836,
21-10-2025,1909,21-10-2025,AIC106,VTJRA,KEWR,VIDP,A359,0,0,,N,NAT/Atlantique Nord,FALSE,183.61,0,0,0,183.61,CS434278,04-11-2025,N01836,
21-10-2025,1627,21-10-2025,AIC116,VTAER,KJFK,VABB,B77W,351.5,1315,18.74833326,O,Overflight/Survol,FALSE,868.81,0,0,0,868.81,CS434278,04-11-2025,N01836,
21-10-2025,1733,21-10-2025,AIC116,VTAER,KJFK,VABB,B77W,0,0,,R,I.Comm.(DL)/Comm.int.(LD),TRUE,33.05,0,0,0,33.05,CS434278,04-11-2025,N01836,
21-10-2025,1750,21-10-2025,AIC116,VTAER,KJFK,VABB,B77W,0,0,,N,NAT/Atlantique Nord,FALSE,183.61,0,0,0,183.61,CS434278,04-11-2025,N01836,
22-10-2025,746,21-10-2025,AIC176,VTALS,KSFO,VECC,B77W,351.5,619,18.74833326,O,Overflight/Survol,FALSE,408.97,0,0,0,408.97,CS434278,04-11-2025,N01836,
22-10-2025,704,21-10-2025,AIC184,VTAEP,KSFO,VECC,B77W,351.5,602,18.74833326,O,Overflight/Survol,FALSE,397.74,0,0,0,397.74,CS434278,04-11-2025,N01836,
21-10-2025,1201,21-10-2025,AIC185,VTALK,VIDP,CYVR,B77W,351.5,609,,E,Enroute/En route,FALSE,402.36,0,0,0,402.36,CS434278,04-11-2025,N01836,
21-10-2025,1738,21-10-2025,AIC186,VTALK,CYVR,VIDP,B77W,351.5,2582,,E,Enroute/En route,FALSE,1705.9,0,0,0,1705.9,CS434278,04-11-2025,N01836,
21-10-2025,1738,21-10-2025,AIC186,VTALK,CYVR,VIDP,B77W,351.5,2582,,A,Terminal/Terminaux,FALSE,3689.27,0,0,0,3689.27,CS434278,04-11-2025,N01836,
21-10-2025,1058,21-10-2025,AIC187,VTALM,LOWW,CYYZ,B77W,0,0,,N,NAT/Atlantique Nord,FALSE,183.61,0,0,0,183.61,CS434278,04-11-2025,N01836,
21-10-2025,1059,21-10-2025,AIC187,VTALM,LOWW,CYYZ,B77W,0,0,,R,I.Comm.(DL)/Comm.int.(LD),TRUE,33.05,0,0,0,33.05,CS434278,04-11-2025,N01836,
21-10-2025,1242,21-10-2025,AIC187,VTALM,LOWW,CYYZ,B77W,351.5,2041,,E,Enroute/En route,FALSE,1348.47,0,0,0,1348.47,CS434278,04-11-2025,N01836,
21-10-2025,1811,21-10-2025,AIC188,VTALM,CYYZ,VIDP,B77W,351.5,2020,,E,Enroute/En route,FALSE,1334.6,0,0,0,1334.6,CS434278,04-11-2025,N01836,
21-10-2025,1811,21-10-2025,AIC188,VTALM,CYYZ,VIDP,B77W,351.5,2020,,A,Terminal/Terminaux,FALSE,3689.27,0,0,0,3689.27,CS434278,04-11-2025,N01836,
21-10-2025,2020,21-10-2025,AIC188,VTALM,CYYZ,VIDP,B77W,0,0,,R,I.Comm.(DL)/Comm.int.(LD),TRUE,33.05,0,0,0,33.05,CS434278,04-11-2025,N01836,
21-10-2025,2029,21-10-2025,AIC188,VTALM,CYYZ,VIDP,B77W,0,0,,N,NAT/Atlantique Nord,FALSE,183.61,0,0,0,183.61,CS434278,04-11-2025,N01836,
21-10-2025,1449,21-10-2025,AIC189,VTALN,LOWW,CYYZ,B77W,0,0,,N,NAT/Atlantique Nord,FALSE,183.61,0,0,0,183.61,CS434278,04-11-2025,N01836,
21-10-2025,1450,21-10-2025,AIC189,VTALN,LOWW,CYYZ,B77W,0,0,,R,I.Comm.(DL)/Comm.int.(LD),TRUE,33.05,0,0,0,33.05,CS434278,04-11-2025,N01836,
21-10-2025,1646,21-10-2025,AIC189,VTALN,LOWW,CYYZ,B77W,351.5,2056,,E,Enroute/En route,FALSE,1358.38,0,0,0,1358.38,CS434278,04-11-2025,N01836,
21-10-2025,2212,21-10-2025,AIC190,VTALN,CYYZ,VIDP,B77W,351.5,2020,,E,Enroute/En route,FALSE,1334.6,0,0,0,1334.6,CS434278,04-11-2025,N01836,
21-10-2025,2212,21-10-2025,AIC190,VTALN,CYYZ,VIDP,B77W,351.5,2020,,A,Terminal/Terminaux,FALSE,3689.27,0,0,0,3689.27,CS434278,04-11-2025,N01836,
22-10-2025,24,21-10-2025,AIC190,VTALN,CYYZ,VIDP,B77W,0,0,,R,I.Comm.(DL)/Comm.int.(LD),TRUE,33.05,0,0,0,33.05,CS434278,04-11-2025,N01836,
22-10-2025,29,21-10-2025,AIC190,VTALN,CYYZ,VIDP,B77W,0,0,,N,NAT/Atlantique Nord,FALSE,183.61,0,0,0,183.61,CS434278,04-11-2025,N01836,
22-10-2025,1038,22-10-2025,AIC101,VTJRH,VIDP,KJFK,A359,0,0,,N,NAT/Atlantique Nord,FALSE,183.61,0,0,0,183.61,CS434278,04-11-2025,N01836,
22-10-2025,1042,22-10-2025,AIC101,VTJRH,VIDP,KJFK,A359,0,0,,R,I.Comm.(DL)/Comm.int.(LD),TRUE,33.05,0,0,0,33.05,CS434278,04-11-2025,N01836,
22-10-2025,1226,22-10-2025,AIC101,VTJRH,VIDP,KJFK,A359,280,1426,16.73320053,O,Overflight/Survol,FALSE,840.88,0,0,0,840.88,CS434278,04-11-2025,N01836,
22-10-2025,1913,22-10-2025,AIC102,VTJRH,KJFK,VIDP,A359,280,1380,16.73320053,O,Overflight/Survol,FALSE,813.76,0,0,0,813.76,CS434278,04-11-2025,N01836,
22-10-2025,2018,22-10-2025,AIC102,VTJRH,KJFK,VIDP,A359,0,0,,R,I.Comm.(DL)/Comm.int.(LD),TRUE,33.05,0,0,0,33.05,CS434278,04-11-2025,N01836,
22-10-2025,2034,22-10-2025,AIC102,VTJRH,KJFK,VIDP,A359,0,0,,N,NAT/Atlantique Nord,FALSE,183.61,0,0,0,183.61,CS434278,04-11-2025,N01836,
22-10-2025,1805,22-10-2025,AIC116,VTAEN,KJFK,VABB,B77W,351.5,1332,18.74833326,O,Overflight/Survol,FALSE,880.04,0,0,0,880.04,CS434278,04-11-2025,N01836,
22-10-2025,1912,22-10-2025,AIC116,VTAEN,KJFK,VABB,B77W,0,0,,R,I.Comm.(DL)/Comm.int.(LD),TRUE,33.05,0,0,0,33.05,CS434278,04-11-2025,N01836,
22-10-2025,1921,22-10-2025,AIC116,VTAEN,KJFK,VABB,B77W,0,0,,N,NAT/Atlantique Nord,FALSE,183.61,0,0,0,183.61,CS434278,04-11-2025,N01836,
22-10-2025,900,22-10-2025,AIC119,VTAEN,VABB,KJFK,B77W,0,0,,N,NAT/Atlantique Nord,FALSE,183.61,0,0,0,183.61,CS434278,04-11-2025,N01836,
22-10-2025,904,22-10-2025,AIC119,VTAEN,VABB,KJFK,B77W,0,0,,R,I.Comm.(DL)/Comm.int.(LD),TRUE,33.05,0,0,0,33.05,CS434278,04-11-2025,N01836,
22-10-2025,1115,22-10-2025,AIC119,VTAEN,VABB,KJFK,B77W,351.5,1582,18.74833326,O,Overflight/Survol,FALSE,1045.21,0,0,0,1045.21,CS434278,04-11-2025,N01836,
23-10-2025,733,22-10-2025,AIC119,VTAEM,VABB,KJFK,B77W,0,0,,N,NAT/Atlantique Nord,FALSE,183.61,0,0,0,183.61,CS434278,04-11-2025,N01836,
23-10-2025,735,22-10-2025,AIC119,VTAEM,VABB,KJFK,B77W,0,0,,R,I.Comm.(DL)/Comm.int.(LD),TRUE,33.05,0,0,0,33.05,CS434278,04-11-2025,N01836,
23-10-2025,938,23-10-2025,AIC119,VTAEM,VABB,KJFK,B77W,351.5,1563,18.74833326,O,Overflight/Survol,FALSE,1032.66,0,0,0,1032.66,CS434278,04-11-2025,N01836,
22-10-2025,1953,22-10-2025,AIC126,VTALX,KORD,VIDP,B77W,351.5,2267,18.74833326,O,Overflight/Survol,FALSE,1497.79,0,0,0,1497.79,CS434278,04-11-2025,N01836,
22-10-2025,2213,22-10-2025,AIC126,VTALX,KORD,VIDP,B77W,0,0,,R,I.Comm.(DL)/Comm.int.(LD),TRUE,33.05,0,0,0,33.05,CS434278,04-11-2025,N01836,
22-10-2025,2222,22-10-2025,AIC126,VTALX,KORD,VIDP,B77W,0,0,,N,NAT/Atlantique Nord,FALSE,183.61,0,0,0,183.61,CS434278,04-11-2025,N01836,
22-10-2025,1233,22-10-2025,AIC127,VTALX,LOWW,KORD,B77W,0,0,,N,NAT/Atlantique Nord,FALSE,183.61,0,0,0,183.61,CS434278,04-11-2025,N01836,
22-10-2025,1236,22-10-2025,AIC127,VTALX,LOWW,KORD,B77W,0,0,,R,I.Comm.(DL)/Comm.int.(LD),TRUE,33.05,0,0,0,33.05,CS434278,04-11-2025,N01836,
22-10-2025,1319,22-10-2025,AIC127,VTALX,LOWW,KORD,B77W,351.5,2128,18.74833326,O,Overflight/Survol,FALSE,1405.95,0,0,0,1405.95,CS434278,04-11-2025,N01836,
22-10-2025,1843,22-10-2025,AIC174,VTAEH,KSFO,VIDP,B77L,347.5,2398,18.64135188,O,Overflight/Survol,FALSE,1575.3,0,0,0,1575.3,CS434278,04-11-2025,N01836,
23-10-2025,717,22-10-2025,AIC180,VTALR,KSFO,VECC,B77W,351.5,824,18.74833326,O,Overflight/Survol,FALSE,544.41,0,0,0,544.41,CS434278,04-11-2025,N01836,
22-10-2025,1410,22-10-2025,AIC185D,VTALP,VIDP,CYVR,B77W,351.5,757,,E,Enroute/En route,FALSE,500.14,0,0,0,500.14,CS434278,04-11-2025,N01836,
22-10-2025,1759,22-10-2025,AIC186,VTALP,CYVR,VIDP,B77W,351.5,2482,,E,Enroute/En route,FALSE,1639.84,0,0,0,1639.84,CS434278,04-11-2025,N01836,
22-10-2025,1759,22-10-2025,AIC186,VTALP,CYVR,VIDP,B77W,351.5,2482,,A,Terminal/Terminaux,FALSE,3689.27,0,0,0,3689.27,CS434278,04-11-2025,N01836,
22-10-2025,1121,22-10-2025,AIC187,VTALO,LOWW,CYYZ,B77W,0,0,,N,NAT/Atlantique Nord,FALSE,183.61,0,0,0,183.61,CS434278,04-11-2025,N01836,
22-10-2025,1125,22-10-2025,AIC187,VTALO,LOWW,CYYZ,B77W,0,0,,R,I.Comm.(DL)/Comm.int.(LD),TRUE,33.05,0,0,0,33.05,CS434278,04-11-2025,N01836,
22-10-2025,1243,22-10-2025,AIC187,VTALO,LOWW,CYYZ,B77W,351.5,2048,,E,Enroute/En route,FALSE,1353.1,0,0,0,1353.1,CS434278,04-11-2025,N01836,
22-10-2025,1757,22-10-2025,AIC188,VTALO,CYYZ,VIDP,B77W,351.5,1893,,E,Enroute/En route,FALSE,1250.69,0,0,0,1250.69,CS434278,04-11-2025,N01836,
22-10-2025,1757,22-10-2025,AIC188,VTALO,CYYZ,VIDP,B77W,351.5,1893,,A,Terminal/Terminaux,FALSE,3689.27,0,0,0,3689.27,CS434278,04-11-2025,N01836,
22-10-2025,2008,22-10-2025,AIC188,VTALO,CYYZ,VIDP,B77W,0,0,,R,I.Comm.(DL)/Comm.int.(LD),TRUE,33.05,0,0,0,33.05,CS434278,04-11-2025,N01836,
22-10-2025,2018,22-10-2025,AIC188,VTALO,CYYZ,VIDP,B77W,0,0,,N,NAT/Atlantique Nord,FALSE,183.61,0,0,0,183.61,CS434278,04-11-2025,N01836,
23-10-2025,1042,23-10-2025,AIC101,VTJRF,VIDP,KJFK,A359,0,0,,N,NAT/Atlantique Nord,FALSE,183.61,0,0,0,183.61,CS434278,04-11-2025,N01836,
23-10-2025,1044,23-10-2025,AIC101,VTJRF,VIDP,KJFK,A359,0,0,,R,I.Comm.(DL)/Comm.int.(LD),TRUE,33.05,0,0,0,33.05,CS434278,04-11-2025,N01836,
23-10-2025,1232,23-10-2025,AIC101,VTJRF,VIDP,KJFK,A359,280,1359,16.73320053,O,Overflight/Survol,FALSE,801.37,0,0,0,801.37,CS434278,04-11-2025,N01836,
23-10-2025,1851,23-10-2025,AIC102,VTJRF,KJFK,VIDP,A359,280,1435,16.73320053,O,Overflight/Survol,FALSE,846.19,0,0,0,846.19,CS434278,04-11-2025,N01836,
23-10-2025,1959,23-10-2025,AIC102,VTJRF,KJFK,VIDP,A359,0,0,,R,I.Comm.(DL)/Comm.int.(LD),TRUE,33.05,0,0,0,33.05,CS434278,04-11-2025,N01836,
23-10-2025,2012,23-10-2025,AIC102,VTJRF,KJFK,VIDP,A359,0,0,,N,NAT/Atlantique Nord,FALSE,183.61,0,0,0,183.61,CS434278,04-11-2025,N01836,
23-10-2025,849,23-10-2025,AIC105,VTJRE,VIDP,KEWR,A359,0,0,,N,NAT/Atlantique Nord,FALSE,183.61,0,0,0,183.61,CS434278,04-11-2025,N01836,
23-10-2025,1046,23-10-2025,AIC105,VTJRE,VIDP,KEWR,A359,0,0,,R,I.Comm.(DL)/Comm.int.(LD),TRUE,33.05,0,0,0,33.05,CS434278,04-11-2025,N01836,
23-10-2025,1046,23-10-2025,AIC105,VTJRE,VIDP,KEWR,A359,280,1130,16.73320053,O,Overflight/Survol,FALSE,666.34,0,0,0,666.34,CS434278,04-11-2025,N01836,
23-10-2025,1740,23-10-2025,AIC106,VTJRE,KEWR,VIDP,A359,280,1519,16.73320053,O,Overflight/Survol,FALSE,895.72,0,0,0,895.72,CS434278,04-11-2025,N01836,
23-10-2025,1857,23-10-2025,AIC106,VTJRE,KEWR,VIDP,A359,0,0,,R,I.Comm.(DL)/Comm.int.(LD),TRUE,33.05,0,0,0,33.05,CS434278,04-11-2025,N01836,
23-10-2025,1906,23-10-2025,AIC106,VTJRE,KEWR,VIDP,A359,0,0,,N,NAT/Atlantique Nord,FALSE,183.61,0,0,0,183.61,CS434278,04-11-2025,N01836,
23-10-2025,1644,23-10-2025,AIC116,VTAEM,KJFK,VABB,B77W,351.5,1474,18.74833326,O,Overflight/Survol,FALSE,973.86,0,0,0,973.86,CS434278,04-11-2025,N01836,
23-10-2025,1756,23-10-2025,AIC116,VTAEM,KJFK,VABB,B77W,0,0,,R,I.Comm.(DL)/Comm.int.(LD),TRUE,33.05,0,0,0,33.05,CS434278,04-11-2025,N01836,
23-10-2025,1808,23-10-2025,AIC116,VTAEM,KJFK,VABB,B77W,0,0,,N,NAT/Atlantique Nord,FALSE,183.61,0,0,0,183.61,CS434278,04-11-2025,N01836,
23-10-2025,1834,23-10-2025,AIC174,VTAEI,KSFO,VIDP,B77L,347.5,2747,18.64135188,O,Overflight/Survol,FALSE,1804.56,0,0,0,1804.56,CS434278,04-11-2025,N01836,
24-10-2025,717,23-10-2025,AIC180,VTALK,KSFO,VECC,B77W,351.5,2743,18.74833326,O,Overflight/Survol,FALSE,1812.28,0,0,0,1812.28,CS434278,04-11-2025,N01836,
24-10-2025,1121,24-10-2025,AIC180,VTALK,KSFO,VECC,B77W,0,0,,R,I.Comm.(DL)/Comm.int.(LD),TRUE,33.05,0,0,0,33.05,CS434278,04-11-2025,N01836,
23-10-2025,1239,23-10-2025,AIC185,VTALN,VIDP,CYVR,B77W,351.5,967,,E,Enroute/En route,FALSE,638.89,0,0,0,638.89,CS434278,04-11-2025,N01836,
23-10-2025,1745,23-10-2025,AIC186,VTALN,CYVR,VIDP,B77W,351.5,2583,,E,Enroute/En route,FALSE,1706.57,0,0,0,1706.57,CS434278,04-11-2025,N01836,
23-10-2025,1745,23-10-2025,AIC186,VTALN,CYVR,VIDP,B77W,351.5,2583,,A,Terminal/Terminaux,FALSE,3689.27,0,0,0,3689.27,CS434278,04-11-2025,N01836,
23-10-2025,2105,23-10-2025,AIC186,VTALN,CYVR,VIDP,B77W,0,0,,R,I.Comm.(DL)/Comm.int.(LD),TRUE,33.05,0,0,0,33.05,CS434278,04-11-2025,N01836,
23-10-2025,1053,23-10-2025,AIC187,VTALM,LOWW,CYYZ,B77W,0,0,,N,NAT/Atlantique Nord,FALSE,183.61,0,0,0,183.61,CS434278,04-11-2025,N01836,
23-10-2025,1100,23-10-2025,AIC187,VTALM,LOWW,CYYZ,B77W,0,0,,R,I.Comm.(DL)/Comm.int.(LD),TRUE,33.05,0,0,0,33.05,CS434278,04-11-2025,N01836,
23-10-2025,1225,23-10-2025,AIC187,VTALM,LOWW,CYYZ,B77W,351.5,2063,,E,Enroute/En route,FALSE,1363.01,0,0,0,1363.01,CS434278,04-11-2025,N01836,
23-10-2025,1815,23-10-2025,AIC188,VTALM,CYYZ,VIDP,B77W,351.5,2083,,E,Enroute/En route,FALSE,1376.22,0,0,0,1376.22,CS434278,04-11-2025,N01836,
23-10-2025,1815,23-10-2025,AIC188,VTALM,CYYZ,VIDP,B77W,351.5,2083,,A,Terminal/Terminaux,FALSE,3689.27,0,0,0,3689.27,CS434278,04-11-2025,N01836,
23-10-2025,2030,23-10-2025,AIC188,VTALM,CYYZ,VIDP,B77W,0,0,,R,I.Comm.(DL)/Comm.int.(LD),TRUE,33.05,0,0,0,33.05,CS434278,04-11-2025,N01836,
23-10-2025,2042,23-10-2025,AIC188,VTALM,CYYZ,VIDP,B77W,0,0,,N,NAT/Atlantique Nord,FALSE,183.61,0,0,0,183.61,CS434278,04-11-2025,N01836,
24-10-2025,650,23-10-2025,AIC191,VTAEN,VABB,KEWR,B77W,0,0,,N,NAT/Atlantique Nord,FALSE,183.61,0,0,0,183.61,CS434278,04-11-2025,N01836,
24-10-2025,650,23-10-2025,AIC191,VTAEN,VABB,KEWR,B77W,0,0,,R,I.Comm.(DL)/Comm.int.(LD),TRUE,33.05,0,0,0,33.05,CS434278,04-11-2025,N01836,
24-10-2025,855,24-10-2025,AIC191,VTAEN,VABB,KEWR,B77W,351.5,1128,18.74833326,O,Overflight/Survol,FALSE,745.26,0,0,0,745.26,CS434278,04-11-2025,N01836,
24-10-2025,1019,24-10-2025,AIC101,VTJRA,VIDP,KJFK,A359,0,0,,N,NAT/Atlantique Nord,FALSE,183.61,0,0,0,183.61,CS434278,04-11-2025,N01836,
24-10-2025,1027,24-10-2025,AIC101,VTJRA,VIDP,KJFK,A359,0,0,,R,I.Comm.(DL)/Comm.int.(LD),TRUE,33.05,0,0,0,33.05,CS434278,04-11-2025,N01836,
24-10-2025,1218,24-10-2025,AIC101,VTJRA,VIDP,KJFK,A359,280,1206,16.73320053,O,Overflight/Survol,FALSE,711.15,0,0,0,711.15,CS434278,04-11-2025,N01836,
24-10-2025,1851,24-10-2025,AIC102,VTJRA,KJFK,VIDP,A359,280,1311,16.73320053,O,Overflight/Survol,FALSE,773.07,0,0,0,773.07,CS434278,04-11-2025,N01836,
24-10-2025,1955,24-10-2025,AIC102,VTJRA,KJFK,VIDP,A359,0,0,,R,I.Comm.(DL)/Comm.int.(LD),TRUE,33.05,0,0,0,33.05,CS434278,04-11-2025,N01836,
24-10-2025,2004,24-10-2025,AIC102,VTJRA,KJFK,VIDP,A359,0,0,,N,NAT/Atlantique Nord,FALSE,183.61,0,0,0,183.61,CS434278,04-11-2025,N01836,
25-10-2025,739,24-10-2025,AIC119,VTAER,VABB,KJFK,B77W,0,0,,N,NAT/Atlantique Nord,FALSE,183.61,0,0,0,183.61,CS434278,04-11-2025,N01836,
25-10-2025,741,24-10-2025,AIC119,VTAER,VABB,KJFK,B77W,0,0,,R,I.Comm.(DL)/Comm.int.(LD),TRUE,33.05,0,0,0,33.05,CS434278,04-11-2025,N01836,
25-10-2025,925,25-10-2025,AIC119,VTAER,VABB,KJFK,B77W,351.5,1367,18.74833326,O,Overflight/Survol,FALSE,903.16,0,0,0,903.16,CS434278,04-11-2025,N01836,
24-10-2025,1954,24-10-2025,AIC126,VTALX,KORD,VIDP,B77W,351.5,2300,18.74833326,O,Overflight/Survol,FALSE,1519.59,0,0,0,1519.59,CS434278,04-11-2025,N01836,
24-10-2025,2211,24-10-2025,AIC126,VTALX,KORD,VIDP,B77W,0,0,,R,I.Comm.(DL)/Comm.int.(LD),TRUE,33.05,0,0,0,33.05,CS434278,04-11-2025,N01836,
24-10-2025,2221,24-10-2025,AIC126,VTALX,KORD,VIDP,B77W,0,0,,N,NAT/Atlantique Nord,FALSE,183.61,0,0,0,183.61,CS434278,04-11-2025,N01836,
24-10-2025,1148,24-10-2025,AIC127,VTALX,LOWW,KORD,B77W,0,0,,N,NAT/Atlantique Nord,FALSE,183.61,0,0,0,183.61,CS434278,04-11-2025,N01836,
24-10-2025,1211,24-10-2025,AIC127,VTALX,LOWW,KORD,B77W,0,0,,R,I.Comm.(DL)/Comm.int.(LD),TRUE,33.05,0,0,0,33.05,CS434278,04-11-2025,N01836,
24-10-2025,1328,24-10-2025,AIC127,VTALX,LOWW,KORD,B77W,351.5,2117,18.74833326,O,Overflight/Survol,FALSE,1398.68,0,0,0,1398.68,CS434278,04-11-2025,N01836,
24-10-2025,1750,24-10-2025,AIC144,VTAEN,KEWR,VABB,B77W,351.5,1470,18.74833326,O,Overflight/Survol,FALSE,971.22,0,0,0,971.22,CS434278,04-11-2025,N01836,
24-10-2025,1909,24-10-2025,AIC144,VTAEN,KEWR,VABB,B77W,0,0,,R,I.Comm.(DL)/Comm.int.(LD),TRUE,33.05,0,0,0,33.05,CS434278,04-11-2025,N01836,
24-10-2025,1915,24-10-2025,AIC144,VTAEN,KEWR,VABB,B77W,0,0,,N,NAT/Atlantique Nord,FALSE,183.61,0,0,0,183.61,CS434278,04-11-2025,N01836,
24-10-2025,1852,24-10-2025,AIC174,VTAEH,KSFO,VIDP,B77L,347.5,2747,18.64135188,O,Overflight/Survol,FALSE,1804.56,0,0,0,1804.56,CS434278,04-11-2025,N01836,
24-10-2025,932,24-10-2025,AIC184,VTAEP,KSFO,VECC,B77W,351.5,2589,18.74833326,O,Overflight/Survol,FALSE,1710.53,0,0,0,1710.53,CS434278,04-11-2025,N01836,
24-10-2025,1231,24-10-2025,AIC185,VTALO,VIDP,CYVR,B77W,351.5,959,,E,Enroute/En route,FALSE,633.6,0,0,0,633.6,CS434278,04-11-2025,N01836,
24-10-2025,1729,24-10-2025,AIC186,VTALO,CYVR,VIDP,B77W,351.5,2583,,E,Enroute/En route,FALSE,1706.57,0,0,0,1706.57,CS434278,04-11-2025,N01836,
24-10-2025,1729,24-10-2025,AIC186,VTALO,CYVR,VIDP,B77W,351.5,2583,,A,Terminal/Terminaux,FALSE,3689.27,0,0,0,3689.27,CS434278,04-11-2025,N01836,
24-10-2025,2045,24-10-2025,AIC186,VTALO,CYVR,VIDP,B77W,0,0,,R,I.Comm.(DL)/Comm.int.(LD),TRUE,33.05,0,0,0,33.05,CS434278,04-11-2025,N01836,
24-10-2025,1053,24-10-2025,AIC187,VTALP,LOWW,CYYZ,B77W,0,0,,R,I.Comm.(DL)/Comm.int.(LD),TRUE,33.05,0,0,0,33.05,CS434278,04-11-2025,N01836,
24-10-2025,1054,24-10-2025,AIC187,VTALP,LOWW,CYYZ,B77W,0,0,,N,NAT/Atlantique Nord,FALSE,183.61,0,0,0,183.61,CS434278,04-11-2025,N01836,
24-10-2025,1235,24-10-2025,AIC187,VTALP,LOWW,CYYZ,B77W,351.5,2063,,E,Enroute/En route,FALSE,1363.01,0,0,0,1363.01,CS434278,04-11-2025,N01836,
24-10-2025,1804,24-10-2025,AIC188,VTALP,CYYZ,VIDP,B77W,351.5,2050,,E,Enroute/En route,FALSE,1354.42,0,0,0,1354.42,CS434278,04-11-2025,N01836,
24-10-2025,1804,24-10-2025,AIC188,VTALP,CYYZ,VIDP,B77W,351.5,2050,,A,Terminal/Terminaux,FALSE,3689.27,0,0,0,3689.27,CS434278,04-11-2025,N01836,
24-10-2025,2017,24-10-2025,AIC188,VTALP,CYYZ,VIDP,B77W,0,0,,R,I.Comm.(DL)/Comm.int.(LD),TRUE,33.05,0,0,0,33.05,CS434278,04-11-2025,N01836,
24-10-2025,2025,24-10-2025,AIC188,VTALP,CYYZ,VIDP,B77W,0,0,,N,NAT/Atlantique Nord,FALSE,183.61,0,0,0,183.61,CS434278,04-11-2025,N01836,
25-10-2025,1057,25-10-2025,AIC101,VTJRI,VIDP,KJFK,A359,0,0,,N,NAT/Atlantique Nord,FALSE,183.61,0,0,0,183.61,CS434278,04-11-2025,N01836,
25-10-2025,1059,25-10-2025,AIC101,VTJRI,VIDP,KJFK,A359,0,0,,R,I.Comm.(DL)/Comm.int.(LD),TRUE,33.05,0,0,0,33.05,CS434278,04-11-2025,N01836,
25-10-2025,1246,25-10-2025,AIC101,VTJRI,VIDP,KJFK,A359,280,1332,16.73320053,O,Overflight/Survol,FALSE,785.45,0,0,0,785.45,CS434278,04-11-2025,N01836,
25-10-2025,2120,25-10-2025,AIC102,VTJRI,KJFK,VIDP,A359,280,1308,16.73320053,O,Overflight/Survol,FALSE,771.3,0,0,0,771.3,CS434278,04-11-2025,N01836,
25-10-2025,2230,25-10-2025,AIC102,VTJRI,KJFK,VIDP,A359,0,0,,R,I.Comm.(DL)/Comm.int.(LD),TRUE,33.05,0,0,0,33.05,CS434278,04-11-2025,N01836,
25-10-2025,2240,25-10-2025,AIC102,VTJRI,KJFK,VIDP,A359,0,0,,N,NAT/Atlantique Nord,FALSE,183.61,0,0,0,183.61,CS434278,04-11-2025,N01836,
25-10-2025,827,25-10-2025,AIC105,VTJRF,VIDP,KEWR,A359,0,0,,R,I.Comm.(DL)/Comm.int.(LD),TRUE,33.05,0,0,0,33.05,CS434278,04-11-2025,N01836,
25-10-2025,912,25-10-2025,AIC105,VTJRF,VIDP,KEWR,A359,0,0,,N,NAT/Atlantique Nord,FALSE,183.61,0,0,0,183.61,CS434278,04-11-2025,N01836,
25-10-2025,1101,25-10-2025,AIC105,VTJRF,VIDP,KEWR,A359,280,1332,16.73320053,O,Overflight/Survol,FALSE,785.45,0,0,0,785.45,CS434278,04-11-2025,N01836,
25-10-2025,1800,25-10-2025,AIC106,VTJRF,KEWR,VIDP,A359,280,1309,16.73320053,O,Overflight/Survol,FALSE,771.89,0,0,0,771.89,CS434278,04-11-2025,N01836,
25-10-2025,1911,25-10-2025,AIC106,VTJRF,KEWR,VIDP,A359,0,0,,R,I.Comm.(DL)/Comm.int.(LD),TRUE,33.05,0,0,0,33.05,CS434278,04-11-2025,N01836,
25-10-2025,1919,25-10-2025,AIC106,VTJRF,KEWR,VIDP,A359,0,0,,N,NAT/Atlantique Nord,FALSE,183.61,0,0,0,183.61,CS434278,04-11-2025,N01836,
25-10-2025,1612,25-10-2025,AIC116,VTAER,KJFK,VABB,B77W,351.5,1308,18.74833326,O,Overflight/Survol,FALSE,864.18,0,0,0,864.18,CS434278,04-11-2025,N01836,
25-10-2025,1722,25-10-2025,AIC116,VTAER,KJFK,VABB,B77W,0,0,,R,I.Comm.(DL)/Comm.int.(LD),TRUE,33.05,0,0,0,33.05,CS434278,04-11-2025,N01836,
25-10-2025,1732,25-10-2025,AIC116,VTAER,KJFK,VABB,B77W,0,0,,N,NAT/Atlantique Nord,FALSE,183.61,0,0,0,183.61,CS434278,04-11-2025,N01836,
25-10-2025,1852,25-10-2025,AIC174,VTAEI,KSFO,VIDP,B77L,347.5,2739,18.64135188,O,Overflight/Survol,FALSE,1799.31,0,0,0,1799.31,CS434278,04-11-2025,N01836,
25-10-2025,839,25-10-2025,AIC176,VTALU,KSFO,VECC,B77W,351.5,1933,18.74833326,O,Overflight/Survol,FALSE,1277.12,0,0,0,1277.12,CS434278,04-11-2025,N01836,
26-10-2025,757,25-10-2025,AIC180,VTAEM,KSFO,VECC,B77W,351.5,1924,18.74833326,O,Overflight/Survol,FALSE,1271.17,0,0,0,1271.17,CS434278,04-11-2025,N01836,
25-10-2025,1322,25-10-2025,AIC185,VTALM,VIDP,CYVR,B77W,351.5,611,,E,Enroute/En route,FALSE,403.68,0,0,0,403.68,CS434278,04-11-2025,N01836,
25-10-2025,1739,25-10-2025,AIC186,VTALM,CYVR,VIDP,B77W,351.5,2482,,E,Enroute/En route,FALSE,1639.84,0,0,0,1639.84,CS434278,04-11-2025,N01836,
25-10-2025,1739,25-10-2025,AIC186,VTALM,CYVR,VIDP,B77W,351.5,2482,,A,Terminal/Terminaux,FALSE,3689.27,0,0,0,3689.27,CS434278,04-11-2025,N01836,
25-10-2025,1232,25-10-2025,AIC187,VTALR,LOWW,CYYZ,B77W,0,0,,N,NAT/Atlantique Nord,FALSE,183.61,0,0,0,183.61,CS434278,04-11-2025,N01836,
25-10-2025,1308,25-10-2025,AIC187,VTALR,LOWW,CYYZ,B77W,351.5,2111,,E,Enroute/En route,FALSE,1394.72,0,0,0,1394.72,CS434278,04-11-2025,N01836,
25-10-2025,1857,25-10-2025,AIC188,VTALR,CYYZ,VIDP,B77W,351.5,2048,,E,Enroute/En route,FALSE,1353.1,0,0,0,1353.1,CS434278,04-11-2025,N01836,
25-10-2025,1857,25-10-2025,AIC188,VTALR,CYYZ,VIDP,B77W,351.5,2048,,A,Terminal/Terminaux,FALSE,3689.27,0,0,0,3689.27,CS434278,04-11-2025,N01836,
25-10-2025,2108,25-10-2025,AIC188,VTALR,CYYZ,VIDP,B77W,0,0,,R,I.Comm.(DL)/Comm.int.(LD),TRUE,33.05,0,0,0,33.05,CS434278,04-11-2025,N01836,
25-10-2025,2121,25-10-2025,AIC188,VTALR,CYYZ,VIDP,B77W,0,0,,N,NAT/Atlantique Nord,FALSE,183.61,0,0,0,183.61,CS434278,04-11-2025,N01836,
25-10-2025,1618,25-10-2025,AIC189,VTALN,LOWW,CYYZ,B77W,0,0,,T,I.Comm.(V)/Comm.int.(V),FALSE,87.83,0,0,0,87.83,CS434278,04-11-2025,N01836,
25-10-2025,1619,25-10-2025,AIC189,VTALN,LOWW,CYYZ,B77W,0,0,,N,NAT/Atlantique Nord,FALSE,183.61,0,0,0,183.61,CS434278,04-11-2025,N01836,
25-10-2025,1656,25-10-2025,AIC189,VTALN,LOWW,CYYZ,B77W,351.5,2130,,E,Enroute/En route,FALSE,1407.27,0,0,0,1407.27,CS434278,04-11-2025,N01836,
25-10-2025,2244,25-10-2025,AIC190,VTALN,CYYZ,VIDP,B77W,351.5,2048,,E,Enroute/En route,FALSE,1353.1,0,0,0,1353.1,CS434278,04-11-2025,N01836,
25-10-2025,2244,25-10-2025,AIC190,VTALN,CYYZ,VIDP,B77W,351.5,2048,,A,Terminal/Terminaux,FALSE,3689.27,0,0,0,3689.27,CS434278,04-11-2025,N01836,
26-10-2025,51,25-10-2025,AIC190,VTALN,CYYZ,VIDP,B77W,0,0,,R,I.Comm.(DL)/Comm.int.(LD),TRUE,33.05,0,0,0,33.05,CS434278,04-11-2025,N01836,
26-10-2025,105,25-10-2025,AIC190,VTALN,CYYZ,VIDP,B77W,0,0,,N,NAT/Atlantique Nord,FALSE,183.61,0,0,0,183.61,CS434278,04-11-2025,N01836,
26-10-2025,1024,26-10-2025,AIC101,VTJRH,VIDP,KJFK,A359,0,0,,N,NAT/Atlantique Nord,FALSE,183.61,0,0,0,183.61,CS434278,04-11-2025,N01836,
26-10-2025,1122,26-10-2025,AIC101,VTJRH,VIDP,KJFK,A359,280,1756,16.73320053,O,Overflight/Survol,FALSE,1035.47,0,0,0,1035.47,CS434278,04-11-2025,N01836,
26-10-2025,1122,26-10-2025,AIC101,VTJRH,VIDP,KJFK,A359,0,0,,R,I.Comm.(DL)/Comm.int.(LD),TRUE,33.05,0,0,0,33.05,CS434278,04-11-2025,N01836,
27-10-2025,631,26-10-2025,AIC101,VTJRF,VIDP,KJFK,A359,0,0,,T,I.Comm.(V)/Comm.int.(V),FALSE,87.83,0,0,0,87.83,CS434278,04-11-2025,N01836,
27-10-2025,957,27-10-2025,AIC101,VTJRF,VIDP,KJFK,A359,0,0,,N,NAT/Atlantique Nord,FALSE,183.61,0,0,0,183.61,CS434278,04-11-2025,N01836,
27-10-2025,1031,27-10-2025,AIC101,VTJRF,VIDP,KJFK,A359,280,1869,16.73320053,O,Overflight/Survol,FALSE,1102.11,0,0,0,1102.11,CS434278,04-11-2025,N01836,
26-10-2025,1738,26-10-2025,AIC102,VTJRH,KJFK,VIDP,A359,280,1519,16.73320053,O,Overflight/Survol,FALSE,895.72,0,0,0,895.72,CS434278,04-11-2025,N01836,
26-10-2025,1852,26-10-2025,AIC102,VTJRH,KJFK,VIDP,A359,0,0,,R,I.Comm.(DL)/Comm.int.(LD),TRUE,33.05,0,0,0,33.05,CS434278,04-11-2025,N01836,
26-10-2025,1908,26-10-2025,AIC102,VTJRH,KJFK,VIDP,A359,0,0,,N,NAT/Atlantique Nord,FALSE,183.61,0,0,0,183.61,CS434278,04-11-2025,N01836,
26-10-2025,1646,26-10-2025,AIC116,VTAEN,KJFK,VABB,B77W,351.5,1430,18.74833326,O,Overflight/Survol,FALSE,944.79,0,0,0,944.79,CS434278,04-11-2025,N01836,
26-10-2025,1805,26-10-2025,AIC116,VTAEN,KJFK,VABB,B77W,0,0,,R,I.Comm.(DL)/Comm.int.(LD),TRUE,33.05,0,0,0,33.05,CS434278,04-11-2025,N01836,
26-10-2025,1817,26-10-2025,AIC116,VTAEN,KJFK,VABB,B77W,0,0,,N,NAT/Atlantique Nord,FALSE,183.61,0,0,0,183.61,CS434278,04-11-2025,N01836,
26-10-2025,910,26-10-2025,AIC119,VTAEN,VABB,KJFK,B77W,0,0,,N,NAT/Atlantique Nord,FALSE,183.61,0,0,0,183.61,CS434278,04-11-2025,N01836,
26-10-2025,917,26-10-2025,AIC119,VTAEN,VABB,KJFK,B77W,351.5,2195,18.74833326,O,Overflight/Survol,FALSE,1450.22,0,0,0,1450.22,CS434278,04-11-2025,N01836,
27-10-2025,656,26-10-2025,AIC119,VTAEQ,VABB,KJFK,B77W,0,0,,T,I.Comm.(V)/Comm.int.(V),FALSE,87.83,0,0,0,87.83,CS434278,04-11-2025,N01836,
27-10-2025,842,27-10-2025,AIC119,VTAEQ,VABB,KJFK,B77W,0,0,,N,NAT/Atlantique Nord,FALSE,183.61,0,0,0,183.61,CS434278,04-11-2025,N01836,
27-10-2025,928,27-10-2025,AIC119,VTAEQ,VABB,KJFK,B77W,351.5,1748,18.74833326,O,Overflight/Survol,FALSE,1154.89,0,0,0,1154.89,CS434278,04-11-2025,N01836,
26-10-2025,2237,26-10-2025,AIC126,VTALS,KORD,VIDP,B77W,351.5,1435,18.74833326,O,Overflight/Survol,FALSE,948.09,0,0,0,948.09,CS434278,04-11-2025,N01836,
26-10-2025,2339,26-10-2025,AIC126,VTALS,KORD,VIDP,B77W,0,0,,R,I.Comm.(DL)/Comm.int.(LD),TRUE,33.05,0,0,0,33.05,CS434278,04-11-2025,N01836,
27-10-2025,8,26-10-2025,AIC126,VTALS,KORD,VIDP,B77W,0,0,,N,NAT/Atlantique Nord,FALSE,183.61,0,0,0,183.61,CS434278,04-11-2025,N01836,
26-10-2025,1316,26-10-2025,AIC127,VTALS,LOWW,KORD,B77W,0,0,,N,NAT/Atlantique Nord,FALSE,183.61,0,0,0,183.61,CS434278,04-11-2025,N01836,
26-10-2025,1317,26-10-2025,AIC127,VTALS,LOWW,KORD,B77W,0,0,,T,I.Comm.(V)/Comm.int.(V),FALSE,87.83,0,0,0,87.83,CS434278,04-11-2025,N01836,
26-10-2025,1348,26-10-2025,AIC127,VTALS,LOWW,KORD,B77W,351.5,2141,18.74833326,O,Overflight/Survol,FALSE,1414.54,0,0,0,1414.54,CS434278,04-11-2025,N01836,
26-10-2025,1709,26-10-2025,AIC144,VTALX,KEWR,VABB,B77W,0,0,,R,I.Comm.(DL)/Comm.int.(LD),TRUE,33.05,0,0,0,33.05,CS434278,04-11-2025,N01836,
26-10-2025,1907,26-10-2025,AIC144,VTALX,KEWR,VABB,B77W,351.5,1308,18.74833326,O,Overflight/Survol,FALSE,864.18,0,0,0,864.18,CS434278,04-11-2025,N01836,
26-10-2025,2030,26-10-2025,AIC144,VTALX,KEWR,VABB,B77W,0,0,,N,NAT/Atlantique Nord,FALSE,183.61,0,0,0,183.61,CS434278,04-11-2025,N01836,
27-10-2025,129,26-10-2025,AIC174,VTAEH,KSFO,VECC,B77L,347.5,859,18.64135188,O,Overflight/Survol,FALSE,564.3,0,0,0,564.3,CS434278,04-11-2025,N01836,
26-10-2025,1916,26-10-2025,AIC185,VTALP,VIDP,CYVR,B77W,351.5,611,,E,Enroute/En route,FALSE,403.68,0,0,0,403.68,CS434278,04-11-2025,N01836,
27-10-2025,46,26-10-2025,AIC186,VTALP,CYVR,VECC,B77W,351.5,2478,,E,Enroute/En route,FALSE,1637.19,0,0,0,1637.19,CS434278,04-11-2025,N01836,
27-10-2025,46,26-10-2025,AIC186,VTALP,CYVR,VECC,B77W,351.5,2478,,A,Terminal/Terminaux,FALSE,3689.27,0,0,0,3689.27,CS434278,04-11-2025,N01836,
26-10-2025,1225,26-10-2025,AIC187,VTALO,LOWW,CYYZ,B77W,0,0,,N,NAT/Atlantique Nord,FALSE,183.61,0,0,0,183.61,CS434278,04-11-2025,N01836,
26-10-2025,1229,26-10-2025,AIC187,VTALO,LOWW,CYYZ,B77W,0,0,,R,I.Comm.(DL)/Comm.int.(LD),TRUE,33.05,0,0,0,33.05,CS434278,04-11-2025,N01836,
26-10-2025,1326,26-10-2025,AIC187,VTALO,LOWW,CYYZ,B77W,351.5,2089,,E,Enroute/En route,FALSE,1380.18,0,0,0,1380.18,CS434278,04-11-2025,N01836,
26-10-2025,1913,26-10-2025,AIC188,VTALO,CYYZ,VIDP,B77W,351.5,2020,,E,Enroute/En route,FALSE,1334.6,0,0,0,1334.6,CS434278,04-11-2025,N01836,
26-10-2025,1913,26-10-2025,AIC188,VTALO,CYYZ,VIDP,B77W,351.5,2020,,A,Terminal/Terminaux,FALSE,3689.27,0,0,0,3689.27,CS434278,04-11-2025,N01836,
26-10-2025,2137,26-10-2025,AIC188,VTALO,CYYZ,VIDP,B77W,0,0,,R,I.Comm.(DL)/Comm.int.(LD),TRUE,33.05,0,0,0,33.05,CS434278,04-11-2025,N01836,
26-10-2025,2145,26-10-2025,AIC188,VTALO,CYYZ,VIDP,B77W,0,0,,N,NAT/Atlantique Nord,FALSE,183.61,0,0,0,183.61,CS434278,04-11-2025,N01836,
26-10-2025,1124,26-10-2025,AIC191,VTALX,VABB,KEWR,B77W,0,0,,N,NAT/Atlantique Nord,FALSE,183.61,0,0,0,183.61,CS434278,04-11-2025,N01836,
26-10-2025,1143,26-10-2025,AIC191,VTALX,VABB,KEWR,B77W,0,0,,T,I.Comm.(V)/Comm.int.(V),FALSE,87.83,0,0,0,87.83,CS434278,04-11-2025,N01836,
26-10-2025,1202,26-10-2025,AIC191,VTALX,VABB,KEWR,B77W,351.5,1811,18.74833326,O,Overflight/Survol,FALSE,1196.51,0,0,0,1196.51,CS434278,04-11-2025,N01836,
27-10-2025,1707,27-10-2025,AIC102,VTJRF,KJFK,VIDP,A359,280,1428,16.73320053,O,Overflight/Survol,FALSE,842.06,0,0,0,842.06,CS434278,04-11-2025,N01836,
27-10-2025,1822,27-10-2025,AIC102,VTJRF,KJFK,VIDP,A359,0,0,,R,I.Comm.(DL)/Comm.int.(LD),TRUE,33.05,0,0,0,33.05,CS434278,04-11-2025,N01836,
27-10-2025,1833,27-10-2025,AIC102,VTJRF,KJFK,VIDP,A359,0,0,,N,NAT/Atlantique Nord,FALSE,183.61,0,0,0,183.61,CS434278,04-11-2025,N01836,
27-10-2025,1013,27-10-2025,AIC105,VTJRA,VIDP,KEWR,A359,0,0,,T,I.Comm.(V)/Comm.int.(V),FALSE,87.83,0,0,0,87.83,CS434278,04-11-2025,N01836,
27-10-2025,1016,27-10-2025,AIC105,VTJRA,VIDP,KEWR,A359,0,0,,N,NAT/Atlantique Nord,FALSE,183.61,0,0,0,183.61,CS434278,04-11-2025,N01836,
27-10-2025,1051,27-10-2025,AIC105,VTJRA,VIDP,KEWR,A359,280,1876,16.73320053,O,Overflight/Survol,FALSE,1106.24,0,0,0,1106.24,CS434278,04-11-2025,N01836,
27-10-2025,1711,27-10-2025,AIC106,VTJRA,KEWR,VIDP,A359,280,1417,16.73320053,O,Overflight/Survol,FALSE,835.57,0,0,0,835.57,CS434278,04-11-2025,N01836,
27-10-2025,1827,27-10-2025,AIC106,VTJRA,KEWR,VIDP,A359,0,0,,R,I.Comm.(DL)/Comm.int.(LD),TRUE,33.05,0,0,0,33.05,CS434278,04-11-2025,N01836,
27-10-2025,1837,27-10-2025,AIC106,VTJRA,KEWR,VIDP,A359,0,0,,N,NAT/Atlantique Nord,FALSE,183.61,0,0,0,183.61,CS434278,04-11-2025,N01836,
27-10-2025,1621,27-10-2025,AIC116,VTAEQ,KJFK,VABB,B77W,351.5,1433,18.74833326,O,Overflight/Survol,FALSE,946.77,0,0,0,946.77,CS434278,04-11-2025,N01836,
27-10-2025,1739,27-10-2025,AIC116,VTAEQ,KJFK,VABB,B77W,0,0,,R,I.Comm.(DL)/Comm.int.(LD),TRUE,33.05,0,0,0,33.05,CS434278,04-11-2025,N01836,
27-10-2025,1750,27-10-2025,AIC116,VTAEQ,KJFK,VABB,B77W,0,0,,N,NAT/Atlantique Nord,FALSE,183.61,0,0,0,183.61,CS434278,04-11-2025,N01836,
27-10-2025,2154,27-10-2025,AIC126,VTALR,KORD,VIDP,B77W,351.5,1558,18.74833326,O,Overflight/Survol,FALSE,1029.36,0,0,0,1029.36,CS434278,04-11-2025,N01836,
27-10-2025,2351,27-10-2025,AIC126,VTALR,KORD,VIDP,B77W,0,0,,R,I.Comm.(DL)/Comm.int.(LD),TRUE,33.05,0,0,0,33.05,CS434278,04-11-2025,N01836,
28-10-2025,3,27-10-2025,AIC126,VTALR,KORD,VIDP,B77W,0,0,,N,NAT/Atlantique Nord,FALSE,183.61,0,0,0,183.61,CS434278,04-11-2025,N01836,
27-10-2025,1247,27-10-2025,AIC127,VTALR,LOWW,KORD,B77W,0,0,,R,I.Comm.(DL)/Comm.int.(LD),TRUE,33.05,0,0,0,33.05,CS434278,04-11-2025,N01836,
27-10-2025,1247,27-10-2025,AIC127,VTALR,LOWW,KORD,B77W,0,0,,N,NAT/Atlantique Nord,FALSE,183.61,0,0,0,183.61,CS434278,04-11-2025,N01836,
27-10-2025,1417,27-10-2025,AIC127,VTALR,LOWW,KORD,B77W,351.5,2178,18.74833326,O,Overflight/Survol,FALSE,1438.99,0,0,0,1438.99,CS434278,04-11-2025,N01836,
28-10-2025,35,27-10-2025,AIC174,VTAEI,KSFO,VECC,B77L,347.5,2939,18.64135188,O,Overflight/Survol,FALSE,1930.69,0,0,0,1930.69,CS434278,04-11-2025,N01836,
28-10-2025,312,27-10-2025,AIC174,VTAEI,KSFO,VECC,B77L,0,0,,R,I.Comm.(DL)/Comm.int.(LD),TRUE,33.05,0,0,0,33.05,CS434278,04-11-2025,N01836,
27-10-2025,857,27-10-2025,AIC180,VTALU,KSFO,VECC,B77W,351.5,2734,18.74833326,O,Overflight/Survol,FALSE,1806.33,0,0,0,1806.33,CS434278,04-11-2025,N01836,
27-10-2025,1854,27-10-2025,AIC185,VTAEP,VIDP,CYVR,B77W,351.5,968,,E,Enroute/En route,FALSE,639.55,0,0,0,639.55,CS434278,04-11-2025,N01836,
28-10-2025,38,27-10-2025,AIC186,VTAEP,CYVR,VECC,B77W,351.5,2824,,E,Enroute/En route,FALSE,1865.79,0,0,0,1865.79,CS434278,04-11-2025,N01836,
28-10-2025,38,27-10-2025,AIC186,VTAEP,CYVR,VECC,B77W,351.5,2824,,A,Terminal/Terminaux,FALSE,3689.27,0,0,0,3689.27,CS434278,04-11-2025,N01836,
28-10-2025,310,27-10-2025,AIC186,VTAEP,CYVR,VECC,B77W,0,0,,R,I.Comm.(DL)/Comm.int.(LD),TRUE,33.05,0,0,0,33.05,CS434278,04-11-2025,N01836,
27-10-2025,1142,27-10-2025,AIC187,VTALM,LOWW,CYYZ,B77W,0,0,,N,NAT/Atlantique Nord,FALSE,183.61,0,0,0,183.61,CS434278,04-11-2025,N01836,
27-10-2025,1144,27-10-2025,AIC187,VTALM,LOWW,CYYZ,B77W,0,0,,R,I.Comm.(DL)/Comm.int.(LD),TRUE,33.05,0,0,0,33.05,CS434278,04-11-2025,N01836,
27-10-2025,1324,27-10-2025,AIC187,VTALM,LOWW,CYYZ,B77W,351.5,2026,,E,Enroute/En route,FALSE,1338.56,0,0,0,1338.56,CS434278,04-11-2025,N01836,
27-10-2025,1857,27-10-2025,AIC188,VTALM,CYYZ,VIDP,B77W,351.5,1552,,E,Enroute/En route,FALSE,1025.39,0,0,0,1025.39,CS434278,04-11-2025,N01836,
27-10-2025,1857,27-10-2025,AIC188,VTALM,CYYZ,VIDP,B77W,351.5,1552,,A,Terminal/Terminaux,FALSE,3689.27,0,0,0,3689.27,CS434278,04-11-2025,N01836,
27-10-2025,2121,27-10-2025,AIC188,VTALM,CYYZ,VIDP,B77W,0,0,,R,I.Comm.(DL)/Comm.int.(LD),TRUE,33.05,0,0,0,33.05,CS434278,04-11-2025,N01836,
27-10-2025,2136,27-10-2025,AIC188,VTALM,CYYZ,VIDP,B77W,0,0,,N,NAT/Atlantique Nord,FALSE,183.61,0,0,0,183.61,CS434278,04-11-2025,N01836,
28-10-2025,925,28-10-2025,AIC105,VTJRH,VIDP,KEWR,A359,0,0,,N,NAT/Atlantique Nord,FALSE,183.61,0,0,0,183.61,CS434278,04-11-2025,N01836,
28-10-2025,926,28-10-2025,AIC105,VTJRH,VIDP,KEWR,A359,0,0,,R,I.Comm.(DL)/Comm.int.(LD),TRUE,33.05,0,0,0,33.05,CS434278,04-11-2025,N01836,
28-10-2025,1120,28-10-2025,AIC105,VTJRH,VIDP,KEWR,A359,280,1128,16.73320053,O,Overflight/Survol,FALSE,665.16,0,0,0,665.16,CS434278,04-11-2025,N01836,
28-10-2025,1738,28-10-2025,AIC106,VTJRH,KEWR,VIDP,A359,280,1402,16.73320053,O,Overflight/Survol,FALSE,826.73,0,0,0,826.73,CS434278,04-11-2025,N01836,
28-10-2025,1844,28-10-2025,AIC106,VTJRH,KEWR,VIDP,A359,0,0,,R,I.Comm.(DL)/Comm.int.(LD),TRUE,33.05,0,0,0,33.05,CS434278,04-11-2025,N01836,
28-10-2025,1855,28-10-2025,AIC106,VTJRH,KEWR,VIDP,A359,0,0,,N,NAT/Atlantique Nord,FALSE,183.61,0,0,0,183.61,CS434278,04-11-2025,N01836,
28-10-2025,1756,28-10-2025,AIC116,VTAEN,KJFK,VABB,B77W,351.5,1372,18.74833326,O,Overflight/Survol,FALSE,906.47,0,0,0,906.47,CS434278,04-11-2025,N01836,
28-10-2025,1908,28-10-2025,AIC116,VTAEN,KJFK,VABB,B77W,0,0,,R,I.Comm.(DL)/Comm.int.(LD),TRUE,33.05,0,0,0,33.05,CS434278,04-11-2025,N01836,
28-10-2025,1921,28-10-2025,AIC116,VTAEN,KJFK,VABB,B77W,0,0,,N,NAT/Atlantique Nord,FALSE,183.61,0,0,0,183.61,CS434278,04-11-2025,N01836,
28-10-2025,824,28-10-2025,AIC119,VTAEN,VABB,KJFK,B77W,0,0,,R,I.Comm.(DL)/Comm.int.(LD),TRUE,33.05,0,0,0,33.05,CS434278,04-11-2025,N01836,
28-10-2025,824,28-10-2025,AIC119,VTAEN,VABB,KJFK,B77W,0,0,,N,NAT/Atlantique Nord,FALSE,183.61,0,0,0,183.61,CS434278,04-11-2025,N01836,
28-10-2025,1023,28-10-2025,AIC119,VTAEN,VABB,KJFK,B77W,351.5,1154,18.74833326,O,Overflight/Survol,FALSE,762.44,0,0,0,762.44,CS434278,04-11-2025,N01836,
29-10-2025,28,28-10-2025,AIC174,VTALO,KSFO,VECC,B77W,351.5,830,18.74833326,O,Overflight/Survol,FALSE,548.37,0,0,0,548.37,CS434278,04-11-2025,N01836,
28-10-2025,2106,28-10-2025,AIC185,VTAEM,VIDP,CYVR,B77W,351.5,968,,E,Enroute/En route,FALSE,639.55,0,0,0,639.55,CS434278,04-11-2025,N01836,
29-10-2025,125,28-10-2025,AIC186,VTAEM,CYVR,VECC,B77W,351.5,2354,,E,Enroute/En route,FALSE,1555.27,0,0,0,1555.27,CS434278,04-11-2025,N01836,
29-10-2025,125,28-10-2025,AIC186,VTAEM,CYVR,VECC,B77W,351.5,2354,,A,Terminal/Terminaux,FALSE,3689.27,0,0,0,3689.27,CS434278,04-11-2025,N01836,
28-10-2025,1203,28-10-2025,AIC187,VTALS,LOWW,CYYZ,B77W,0,0,,N,NAT/Atlantique Nord,FALSE,183.61,0,0,0,183.61,CS434278,04-11-2025,N01836,
28-10-2025,1203,28-10-2025,AIC187,VTALS,LOWW,CYYZ,B77W,0,0,,R,I.Comm.(DL)/Comm.int.(LD),TRUE,33.05,0,0,0,33.05,CS434278,04-11-2025,N01836,
28-10-2025,1334,28-10-2025,AIC187,VTALS,LOWW,CYYZ,B77W,351.5,2033,,E,Enroute/En route,FALSE,1343.19,0,0,0,1343.19,CS434278,04-11-2025,N01836,
28-10-2025,1851,28-10-2025,AIC188,VTALS,CYYZ,VIDP,B77W,351.5,2039,,E,Enroute/En route,FALSE,1347.15,0,0,0,1347.15,CS434278,04-11-2025,N01836,
28-10-2025,1851,28-10-2025,AIC188,VTALS,CYYZ,VIDP,B77W,351.5,2039,,A,Terminal/Terminaux,FALSE,3689.27,0,0,0,3689.27,CS434278,04-11-2025,N01836,
28-10-2025,2122,28-10-2025,AIC188,VTALS,CYYZ,VIDP,B77W,0,0,,R,I.Comm.(DL)/Comm.int.(LD),TRUE,33.05,0,0,0,33.05,CS434278,04-11-2025,N01836,
28-10-2025,2133,28-10-2025,AIC188,VTALS,CYYZ,VIDP,B77W,0,0,,N,NAT/Atlantique Nord,FALSE,183.61,0,0,0,183.61,CS434278,04-11-2025,N01836,
29-10-2025,1024,29-10-2025,AIC101,VTJRA,VIDP,KJFK,A359,0,0,,N,NAT/Atlantique Nord,FALSE,183.61,0,0,0,183.61,CS434278,04-11-2025,N01836,
29-10-2025,1025,29-10-2025,AIC101,VTJRA,VIDP,KJFK,A359,0,0,,T,I.Comm.(V)/Comm.int.(V),FALSE,87.83,0,0,0,87.83,CS434278,04-11-2025,N01836,
29-10-2025,1107,29-10-2025,AIC101,VTJRA,VIDP,KJFK,A359,280,1315,16.73320053,O,Overflight/Survol,FALSE,775.43,0,0,0,775.43,CS434278,04-11-2025,N01836,
29-10-2025,1738,29-10-2025,AIC102,VTJRA,KJFK,VIDP,A359,280,1435,16.73320053,O,Overflight/Survol,FALSE,846.19,0,0,0,846.19,CS434278,04-11-2025,N01836,
29-10-2025,1902,29-10-2025,AIC102,VTJRA,KJFK,VIDP,A359,0,0,,R,I.Comm.(DL)/Comm.int.(LD),TRUE,33.05,0,0,0,33.05,CS434278,04-11-2025,N01836,
29-10-2025,1909,29-10-2025,AIC102,VTJRA,KJFK,VIDP,A359,0,0,,N,NAT/Atlantique Nord,FALSE,183.61,0,0,0,183.61,CS434278,04-11-2025,N01836,
29-10-2025,1711,29-10-2025,AIC116,VTAER,KJFK,VABB,B77W,351.5,1435,18.74833326,O,Overflight/Survol,FALSE,948.09,0,0,0,948.09,CS434278,04-11-2025,N01836,
29-10-2025,1835,29-10-2025,AIC116,VTAER,KJFK,VABB,B77W,0,0,,R,I.Comm.(DL)/Comm.int.(LD),TRUE,33.05,0,0,0,33.05,CS434278,04-11-2025,N01836,
29-10-2025,1844,29-10-2025,AIC116,VTAER,KJFK,VABB,B77W,0,0,,N,NAT/Atlantique Nord,FALSE,183.61,0,0,0,183.61,CS434278,04-11-2025,N01836,
29-10-2025,1005,29-10-2025,AIC119,VTAER,VABB,KJFK,B77W,0,0,,N,NAT/Atlantique Nord,FALSE,183.61,0,0,0,183.61,CS434278,04-11-2025,N01836,
29-10-2025,1007,29-10-2025,AIC119,VTAER,VABB,KJFK,B77W,0,0,,T,I.Comm.(V)/Comm.int.(V),FALSE,87.83,0,0,0,87.83,CS434278,04-11-2025,N01836,
29-10-2025,1051,29-10-2025,AIC119,VTAER,VABB,KJFK,B77W,351.5,1683,18.74833326,O,Overflight/Survol,FALSE,1111.94,0,0,0,1111.94,CS434278,04-11-2025,N01836,
29-10-2025,2031,29-10-2025,AIC126,VTALR,KORD,VIDP,B77W,351.5,2324,18.74833326,O,Overflight/Survol,FALSE,1535.45,0,0,0,1535.45,CS434278,04-11-2025,N01836,
29-10-2025,2250,29-10-2025,AIC126,VTALR,KORD,VIDP,B77W,0,0,,R,I.Comm.(DL)/Comm.int.(LD),TRUE,33.05,0,0,0,33.05,CS434278,04-11-2025,N01836,
29-10-2025,2301,29-10-2025,AIC126,VTALR,KORD,VIDP,B77W,0,0,,N,NAT/Atlantique Nord,FALSE,183.61,0,0,0,183.61,CS434278,04-11-2025,N01836,
29-10-2025,1208,29-10-2025,AIC127,VTALR,LOWW,KORD,B77W,0,0,,R,I.Comm.(DL)/Comm.int.(LD),TRUE,33.05,0,0,0,33.05,CS434278,04-11-2025,N01836,
29-10-2025,1222,29-10-2025,AIC127,VTALR,LOWW,KORD,B77W,0,0,,N,NAT/Atlantique Nord,FALSE,183.61,0,0,0,183.61,CS434278,04-11-2025,N01836,
29-10-2025,1355,29-10-2025,AIC127,VTALR,LOWW,KORD,B77W,351.5,2098,18.74833326,O,Overflight/Survol,FALSE,1386.13,0,0,0,1386.13,CS434278,04-11-2025,N01836,
29-10-2025,1744,29-10-2025,AIC144,VTALU,KEWR,VABB,B77W,351.5,1380,18.74833326,O,Overflight/Survol,FALSE,911.75,0,0,0,911.75,CS434278,04-11-2025,N01836,
29-10-2025,1903,29-10-2025,AIC144,VTALU,KEWR,VABB,B77W,0,0,,R,I.Comm.(DL)/Comm.int.(LD),TRUE,33.05,0,0,0,33.05,CS434278,04-11-2025,N01836,
29-10-2025,1913,29-10-2025,AIC144,VTALU,KEWR,VABB,B77W,0,0,,N,NAT/Atlantique Nord,FALSE,183.61,0,0,0,183.61,CS434278,04-11-2025,N01836,
30-10-2025,214,29-10-2025,AIC174,VTAEH,KSFO,VECC,B77L,347.5,824,18.64135188,O,Overflight/Survol,FALSE,541.3,0,0,0,541.3,CS434278,04-11-2025,N01836,
29-10-2025,818,29-10-2025,AIC176,VTALP,KSFO,VECC,B77W,351.5,2704,18.74833326,O,Overflight/Survol,FALSE,1786.51,0,0,0,1786.51,CS434278,04-11-2025,N01836,
29-10-2025,1926,29-10-2025,AIC185,VTAEI,VIDP,CYVR,B77L,347.5,968,,E,Enroute/En route,FALSE,635.9,0,0,0,635.9,CS434278,04-11-2025,N01836,
30-10-2025,100,29-10-2025,AIC186,VTAEI,CYVR,VECC,B77L,347.5,742,,E,Enroute/En route,FALSE,487.44,0,0,0,487.44,CS434278,04-11-2025,N01836,
30-10-2025,100,29-10-2025,AIC186,VTAEI,CYVR,VECC,B77L,347.5,742,,A,Terminal/Terminaux,FALSE,3655.64,0,0,0,3655.64,CS434278,04-11-2025,N01836,
29-10-2025,1151,29-10-2025,AIC187,VTALM,LOWW,CYYZ,B77W,0,0,,N,NAT/Atlantique Nord,FALSE,183.61,0,0,0,183.61,CS434278,04-11-2025,N01836,
29-10-2025,1156,29-10-2025,AIC187,VTALM,LOWW,CYYZ,B77W,0,0,,R,I.Comm.(DL)/Comm.int.(LD),TRUE,33.05,0,0,0,33.05,CS434278,04-11-2025,N01836,
29-10-2025,1323,29-10-2025,AIC187,VTALM,LOWW,CYYZ,B77W,351.5,2011,,E,Enroute/En route,FALSE,1328.65,0,0,0,1328.65,CS434278,04-11-2025,N01836,
29-10-2025,1904,29-10-2025,AIC188,VTALM,CYYZ,VIDP,B77W,351.5,2048,,E,Enroute/En route,FALSE,1353.1,0,0,0,1353.1,CS434278,04-11-2025,N01836,
29-10-2025,1904,29-10-2025,AIC188,VTALM,CYYZ,VIDP,B77W,351.5,2048,,A,Terminal/Terminaux,FALSE,3689.27,0,0,0,3689.27,CS434278,04-11-2025,N01836,
29-10-2025,2115,29-10-2025,AIC188,VTALM,CYYZ,VIDP,B77W,0,0,,R,I.Comm.(DL)/Comm.int.(LD),TRUE,33.05,0,0,0,33.05,CS434278,04-11-2025,N01836,
29-10-2025,2128,29-10-2025,AIC188,VTALM,CYYZ,VIDP,B77W,0,0,,N,NAT/Atlantique Nord,FALSE,183.61,0,0,0,183.61,CS434278,04-11-2025,N01836,
29-10-2025,914,29-10-2025,AIC191,VTALU,VABB,KEWR,B77W,0,0,,N,NAT/Atlantique Nord,FALSE,183.61,0,0,0,183.61,CS434278,04-11-2025,N01836,
29-10-2025,921,29-10-2025,AIC191,VTALU,VABB,KEWR,B77W,0,0,,T,I.Comm.(V)/Comm.int.(V),FALSE,87.83,0,0,0,87.83,CS434278,04-11-2025,N01836,
29-10-2025,958,29-10-2025,AIC191,VTALU,VABB,KEWR,B77W,351.5,1683,18.74833326,O,Overflight/Survol,FALSE,1111.94,0,0,0,1111.94,CS434278,04-11-2025,N01836,
30-10-2025,1004,30-10-2025,AIC101,VTJRH,VIDP,KJFK,A359,0,0,,N,NAT/Atlantique Nord,FALSE,183.61,0,0,0,183.61,CS434278,04-11-2025,N01836,
30-10-2025,1047,30-10-2025,AIC101,VTJRH,VIDP,KJFK,A359,280,1702,16.73320053,O,Overflight/Survol,FALSE,1003.63,0,0,0,1003.63,CS434278,04-11-2025,N01836,
30-10-2025,1816,30-10-2025,AIC102,VTJRH,KJFK,VIDP,A359,280,1441,16.73320053,O,Overflight/Survol,FALSE,849.73,0,0,0,849.73,CS434278,04-11-2025,N01836,
30-10-2025,1929,30-10-2025,AIC102,VTJRH,KJFK,VIDP,A359,0,0,,R,I.Comm.(DL)/Comm.int.(LD),TRUE,33.05,0,0,0,33.05,CS434278,04-11-2025,N01836,
30-10-2025,1942,30-10-2025,AIC102,VTJRH,KJFK,VIDP,A359,0,0,,N,NAT/Atlantique Nord,FALSE,183.61,0,0,0,183.61,CS434278,04-11-2025,N01836,
30-10-2025,1051,30-10-2025,AIC105,VTJRF,VIDP,KEWR,A359,0,0,,N,NAT/Atlantique Nord,FALSE,183.61,0,0,0,183.61,CS434278,04-11-2025,N01836,
30-10-2025,1133,30-10-2025,AIC105,VTJRF,VIDP,KEWR,A359,280,1708,16.73320053,O,Overflight/Survol,FALSE,1007.17,0,0,0,1007.17,CS434278,04-11-2025,N01836,
30-10-2025,1952,30-10-2025,AIC106,VTJRF,KEWR,VIDP,A359,280,1393,16.73320053,O,Overflight/Survol,FALSE,821.42,0,0,0,821.42,CS434278,04-11-2025,N01836,
30-10-2025,2101,30-10-2025,AIC106,VTJRF,KEWR,VIDP,A359,0,0,,R,I.Comm.(DL)/Comm.int.(LD),TRUE,33.05,0,0,0,33.05,CS434278,04-11-2025,N01836,
30-10-2025,2114,30-10-2025,AIC106,VTJRF,KEWR,VIDP,A359,0,0,,N,NAT/Atlantique Nord,FALSE,183.61,0,0,0,183.61,CS434278,04-11-2025,N01836,
30-10-2025,1041,30-10-2025,AIC107,VTAEF,VABB,KAFW,B77L,0,0,,N,NAT/Atlantique Nord,FALSE,183.61,0,0,0,183.61,CS434278,04-11-2025,N01836,
30-10-2025,1114,30-10-2025,AIC107,VTAEF,VABB,KAFW,B77L,347.5,2169,18.64135188,O,Overflight/Survol,FALSE,1424.86,0,0,0,1424.86,CS434278,04-11-2025,N01836,
30-10-2025,1751,30-10-2025,AIC116,VTAEN,KJFK,VABB,B77W,351.5,1317,18.74833326,O,Overflight/Survol,FALSE,870.13,0,0,0,870.13,CS434278,04-11-2025,N01836,
30-10-2025,1859,30-10-2025,AIC116,VTAEN,KJFK,VABB,B77W,0,0,,R,I.Comm.(DL)/Comm.int.(LD),TRUE,33.05,0,0,0,33.05,CS434278,04-11-2025,N01836,
30-10-2025,1913,30-10-2025,AIC116,VTAEN,KJFK,VABB,B77W,0,0,,N,NAT/Atlantique Nord,FALSE,183.61,0,0,0,183.61,CS434278,04-11-2025,N01836,
30-10-2025,926,30-10-2025,AIC119,VTAEN,VABB,KJFK,B77W,0,0,,N,NAT/Atlantique Nord,FALSE,183.61,0,0,0,183.61,CS434278,04-11-2025,N01836,
30-10-2025,938,30-10-2025,AIC119,VTAEN,VABB,KJFK,B77W,0,0,,T,I.Comm.(V)/Comm.int.(V),FALSE,87.83,0,0,0,87.83,CS434278,04-11-2025,N01836,
30-10-2025,1013,30-10-2025,AIC119,VTAEN,VABB,KJFK,B77W,351.5,1302,18.74833326,O,Overflight/Survol,FALSE,860.22,0,0,0,860.22,CS434278,04-11-2025,N01836,
31-10-2025,228,30-10-2025,AIC174,VTALO,KSFO,VECC,B77W,351.5,819,18.74833326,O,Overflight/Survol,FALSE,541.11,0,0,0,541.11,CS434278,04-11-2025,N01836,
30-10-2025,856,30-10-2025,AIC180,VTALN,KSFO,VECC,B77W,351.5,824,18.74833326,O,Overflight/Survol,FALSE,544.41,0,0,0,544.41,CS434278,04-11-2025,N01836,
30-10-2025,1957,30-10-2025,AIC185,VTAEM,VIDP,CYVR,B77W,351.5,589,,E,Enroute/En route,FALSE,389.15,0,0,0,389.15,CS434278,04-11-2025,N01836,
31-10-2025,46,30-10-2025,AIC186,VTAEM,CYVR,VECC,B77W,351.5,2478,,E,Enroute/En route,FALSE,1637.19,0,0,0,1637.19,CS434278,04-11-2025,N01836,
31-10-2025,46,30-10-2025,AIC186,VTAEM,CYVR,VECC,B77W,351.5,2478,,A,Terminal/Terminaux,FALSE,3689.27,0,0,0,3689.27,CS434278,04-11-2025,N01836,
30-10-2025,1230,30-10-2025,AIC187,VTALS,LOWW,CYYZ,B77W,0,0,,N,NAT/Atlantique Nord,FALSE,183.61,0,0,0,183.61,CS434278,04-11-2025,N01836,
30-10-2025,1338,30-10-2025,AIC187,VTALS,LOWW,CYYZ,B77W,351.5,2044,,E,Enroute/En route,FALSE,1350.45,0,0,0,1350.45,CS434278,04-11-2025,N01836,
30-10-2025,1949,30-10-2025,AIC188,VTALS,CYYZ,VIDP,B77W,351.5,2015,,E,Enroute/En route,FALSE,1331.29,0,0,0,1331.29,CS434278,04-11-2025,N01836,
30-10-2025,1949,30-10-2025,AIC188,VTALS,CYYZ,VIDP,B77W,351.5,2015,,A,Terminal/Terminaux,FALSE,3689.27,0,0,0,3689.27,CS434278,04-11-2025,N01836,
30-10-2025,2158,30-10-2025,AIC188,VTALS,CYYZ,VIDP,B77W,0,0,,N,NAT/Atlantique Nord,FALSE,183.61,0,0,0,183.61,CS434278,04-11-2025,N01836,
30-10-2025,2158,30-10-2025,AIC188,VTALS,CYYZ,VIDP,B77W,0,0,,R,I.Comm.(DL)/Comm.int.(LD),TRUE,33.05,0,0,0,33.05,CS434278,04-11-2025,N01836,
31-10-2025,755,30-10-2025,AIC191,VTAEQ,VABB,KEWR,B77W,0,0,,R,I.Comm.(DL)/Comm.int.(LD),TRUE,33.05,0,0,0,33.05,CS434278,04-11-2025,N01836,
31-10-2025,755,30-10-2025,AIC191,VTAEQ,VABB,KEWR,B77W,0,0,,N,NAT/Atlantique Nord,FALSE,183.61,0,0,0,183.61,CS434278,04-11-2025,N01836,
31-10-2025,949,31-10-2025,AIC191,VTAEQ,VABB,KEWR,B77W,351.5,1348,18.74833326,O,Overflight/Survol,FALSE,890.61,0,0,0,890.61,CS434278,04-11-2025,N01836,
31-10-2025,953,31-10-2025,AIC101,VTJRI,VIDP,KJFK,A359,0,0,,N,NAT/Atlantique Nord,FALSE,183.61,0,0,0,183.61,CS434278,04-11-2025,N01836,
31-10-2025,1041,31-10-2025,AIC101,VTJRI,VIDP,KJFK,A359,280,1676,16.73320053,O,Overflight/Survol,FALSE,988.3,0,0,0,988.3,CS434278,04-11-2025,N01836,
31-10-2025,1725,31-10-2025,AIC102,VTJRI,KJFK,VIDP,A359,280,1293,16.73320053,O,Overflight/Survol,FALSE,762.45,0,0,0,762.45,CS434278,04-11-2025,N01836,
31-10-2025,1827,31-10-2025,AIC102,VTJRI,KJFK,VIDP,A359,0,0,,R,I.Comm.(DL)/Comm.int.(LD),TRUE,33.05,0,0,0,33.05,CS434278,04-11-2025,N01836,
31-10-2025,1838,31-10-2025,AIC102,VTJRI,KJFK,VIDP,A359,0,0,,N,NAT/Atlantique Nord,FALSE,183.61,0,0,0,183.61,CS434278,04-11-2025,N01836,
31-10-2025,1736,31-10-2025,AIC144,VTAEQ,KEWR,VABB,B77W,351.5,1380,18.74833326,O,Overflight/Survol,FALSE,911.75,0,0,0,911.75,CS434278,04-11-2025,N01836,
31-10-2025,1855,31-10-2025,AIC144,VTAEQ,KEWR,VABB,B77W,0,0,,R,I.Comm.(DL)/Comm.int.(LD),TRUE,33.05,0,0,0,33.05,CS434278,04-11-2025,N01836,
31-10-2025,1859,31-10-2025,AIC144,VTAEQ,KEWR,VABB,B77W,0,0,,N,NAT/Atlantique Nord,FALSE,183.61,0,0,0,183.61,CS434278,04-11-2025,N01836,
01-11-2025,48,31-10-2025,AIC174,VTAEH,KSFO,VECC,B77L,347.5,819,18.64135188,O,Overflight/Survol,FALSE,538.02,0,0,0,538.02,CS434278,04-11-2025,N01836,
31-10-2025,858,31-10-2025,AIC180,VTALP,KSFO,VECC,B77W,351.5,819,18.74833326,O,Overflight/Survol,FALSE,541.11,0,0,0,541.11,CS434278,04-11-2025,N01836,
31-10-2025,1839,31-10-2025,AIC185,VTAEI,VIDP,CYVR,B77L,347.5,561,,E,Enroute/En route,FALSE,368.53,0,0,0,368.53,CS434278,04-11-2025,N01836,
01-11-2025,100,31-10-2025,AIC186,VTAEI,CYVR,VECC,B77L,347.5,2482,,E,Enroute/En route,FALSE,1630.48,0,0,0,1630.48,CS434278,04-11-2025,N01836,
01-11-2025,100,31-10-2025,AIC186,VTAEI,CYVR,VECC,B77L,347.5,2482,,A,Terminal/Terminaux,FALSE,3655.64,0,0,0,3655.64,CS434278,04-11-2025,N01836,
01-11-2025,424,31-10-2025,AIC186,VTAEI,CYVR,VECC,B77L,0,0,,R,I.Comm.(DL)/Comm.int.(LD),TRUE,33.05,0,0,0,33.05,CS434278,04-11-2025,N01836,
31-10-2025,1223,31-10-2025,AIC187,VTALR,LOWW,CYYZ,B77W,0,0,,N,NAT/Atlantique Nord,FALSE,183.61,0,0,0,183.61,CS434278,04-11-2025,N01836,
31-10-2025,1256,31-10-2025,AIC187,VTALR,LOWW,CYYZ,B77W,351.5,2193,,E,Enroute/En route,FALSE,1448.9,0,0,0,1448.9,CS434278,04-11-2025,N01836,
31-10-2025,1901,31-10-2025,AIC188,VTALR,CYYZ,VIDP,B77W,351.5,2009,,E,Enroute/En route,FALSE,1327.33,0,0,0,1327.33,CS434278,04-11-2025,N01836,
31-10-2025,1901,31-10-2025,AIC188,VTALR,CYYZ,VIDP,B77W,351.5,2009,,A,Terminal/Terminaux,FALSE,3689.27,0,0,0,3689.27,CS434278,04-11-2025,N01836,
31-10-2025,2116,31-10-2025,AIC188,VTALR,CYYZ,VIDP,B77W,0,0,,R,I.Comm.(DL)/Comm.int.(LD),TRUE,33.05,0,0,0,33.05,CS434278,04-11-2025,N01836,
31-10-2025,2119,31-10-2025,AIC188,VTALR,CYYZ,VIDP,B77W,0,0,,N,NAT/Atlantique Nord,FALSE,183.61,0,0,0,183.61,CS434278,04-11-2025,N01836,
